player_id,full_name,position,team,age,weighted_ppg,replacement_level,vorp,dynasty_trailing_value,proj_ppg,proj_vorp,SCR,scr_source,years_exp,dynasty_value,primary_value,primary_value_source
00-0039139,Jahmyr Gibbs,RB,DET,24.5,17.905228758169937,5.395277777777778,12.509950980392158,13.542,18.134,15.231,15.231,projected,3,20.13990395,20.13990395,projected
00-0040122,Ashton Jeanty,RB,LV,22.8,11.447058823529412,5.395277777777778,6.051781045751634,6.86,12.224,9.322,9.322,projected,1,19.03123712,19.03123712,projected
00-0038542,Bijan Robinson,RB,ATL,24.6,17.31264705882353,5.395277777777778,11.917369281045751,12.865,16.972,14.07,14.07,projected,3,18.984589399999997,18.984589399999997,projected
00-0040666,Omarion Hampton,RB,LAC,23.5,10.580000000000002,5.395277777777778,5.184722222222224,5.768,12.124,9.221,9.221,projected,1,18.226565750000002,18.226565750000002,projected
00-0040784,Quinshon Judkins,RB,CLE,22.9,10.471428571428572,5.395277777777778,5.076150793650793,5.739,10.795,7.892,7.892,projected,1,16.425123560000003,16.425123560000003,projected
00-0039040,De'Von Achane,RB,MIA,24.9,15.303529411764703,5.395277777777778,9.908251633986925,10.607,14.046,11.144,11.144,projected,3,14.561965520000001,14.561965520000001,projected
00-0040715,Cam Skattebo,RB,NYG,24.6,13.287500000000001,5.395277777777778,7.892222222222223,8.52,11.501,8.599,8.599,projected,1,14.43922358,14.43922358,projected
00-0040734,TreVeyon Henderson,RB,NE,23.9,8.861904761904762,5.395277777777778,3.466626984126984,3.815,8.908,6.005,6.005,projected,1,14.232513149999999,14.232513149999999,projected
00-0039851,Drake Maye,QB,NE,24.0,17.433956043956044,12.743431372549018,4.690524671407026,5.148,18.805,9.352,9.352,projected,2,13.851199085714285,13.851199085714285,projected
00-0040691,Jaxson Dart,QB,NYG,23.3,17.077142857142857,12.743431372549018,4.333711484593838,4.847,17.174,7.72,7.72,projected,1,13.589506742857143,13.589506742857143,projected
00-0037248,James Cook,RB,BUF,27.0,15.147368421052633,5.395277777777778,9.752090643274855,9.825,14.429,11.526,11.526,projected,4,13.062182199999999,13.062182199999999,projected
00-0039910,Jayden Daniels,QB,WAS,25.7,17.971285714285713,12.743431372549018,5.227854341736695,5.471,17.893,8.439,8.439,projected,2,12.948320794285713,12.948320794285713,projected
00-0040719,Bhayshul Tuten,RB,JAX,24.6,5.231250000000001,5.395277777777778,-0.16402777777777722,-0.164,9.933,7.031,7.031,projected,1,12.86378102,12.86378102,projected
00-0036223,Jonathan Taylor,RB,IND,27.7,17.926617647058826,5.395277777777778,12.531339869281048,12.362,15.905,13.002,13.002,projected,6,12.55330098,12.55330098,projected
00-0039918,Caleb Williams,QB,CHI,24.8,17.036009287925694,12.743431372549018,4.292577915376675,4.608,17.459,8.006,8.006,projected,2,12.535509622857145,12.535509622857145,projected
00-0038597,Chase Brown,RB,CIN,26.5,12.683125,5.395277777777778,7.287847222222222,7.452,13.422,10.52,10.52,projected,3,12.185702,12.185702,projected
00-0040743,Tyler Shough,QB,NO,27.0,14.387272727272729,12.743431372549018,1.64384135472371,1.656,15.973,6.519,6.519,projected,1,12.008478514285713,12.008478514285713,projected
00-0038134,Kenneth Walker III,RB,SEA,25.9,11.878363636363638,5.395277777777778,6.483085858585859,6.746,12.776,9.874,9.874,projected,4,11.85908422,11.85908422,projected
00-0039732,Bo Nix,QB,DEN,26.6,18.209777777777777,12.743431372549018,5.466346405228759,5.573,16.838,7.384,7.384,projected,2,11.717359382857143,11.717359382857143,projected
00-0034857,Josh Allen,QB,BUF,30.3,22.911608187134505,12.743431372549018,10.168176814585486,9.238,21.153,11.699,11.699,projected,8,11.69759612,11.69759612,projected
00-0039361,Bucky Irving,RB,TB,24.1,11.439722222222224,5.395277777777778,6.044444444444446,6.616,10.572,7.67,7.67,projected,2,11.6337519,11.6337519,projected
00-0040730,RJ Harvey,RB,DEN,25.6,9.352631578947367,5.395277777777778,3.957353801169589,4.153,7.196,4.294,4.294,projected,1,11.52086728,11.52086728,projected
00-0038120,Breece Hall,RB,NYJ,25.3,11.179937500000001,5.395277777777778,5.784659722222223,6.123,12.173,9.271,9.271,projected,4,11.411860910000001,11.411860910000001,projected
00-0033280,Christian McCaffrey,RB,SF,30.3,15.067302631578949,5.395277777777778,9.67202485380117,8.787,15.398,12.495,12.495,projected,9,11.40431145,11.40431145,projected
00-0038543,Jaxon Smith-Njigba,WR,SEA,24.6,12.578294117647062,4.975,7.603294117647062,8.208,13.313,9.493,9.493,projected,3,10.886362769734513,10.886362769734513,projected
00-0032764,Derrick Henry,RB,BAL,32.7,16.806300309597525,5.395277777777778,11.411022531819746,9.545,15.34,12.438,12.438,projected,10,10.74630762,10.74630762,projected
00-0039075,Puka Nacua,WR,LA,25.3,14.849048582995952,4.975,9.874048582995952,10.452,13.763,9.943,9.943,projected,3,10.554087212300884,10.554087212300884,projected
00-0039344,Jonathon Brooks,RB,CAR,23.2,1.6000000000000003,5.395277777777778,-3.7952777777777778,-3.795,7.263,4.361,4.361,projected,2,10.37175924,10.37175924,projected
00-0040676,Cam Ward,QB,TEN,24.3,10.803529411764705,12.743431372549018,-1.9399019607843133,-1.94,13.297,3.844,3.844,projected,1,10.29419289142857,10.29419289142857,projected
00-0036409,Jordyn Brooks,LB,MIA,28.9,13.098529411764707,7.5,5.598529411764707,5.321,16.804,10.776,10.776,projected,6,10.27911864,10.27911864,projected
00-0034844,Saquon Barkley,RB,PHI,29.6,15.361573529411766,5.395277777777778,9.966295751633988,9.264,13.805,10.903,10.903,projected,8,10.10620876,10.10620876,projected
00-0037840,Kyren Williams,RB,LA,26.1,14.258055555555556,5.395277777777778,8.862777777777778,9.169,11.754,8.851,8.851,projected,4,9.709992470000001,9.709992470000001,projected
00-0034796,Lamar Jackson,QB,BAL,29.7,19.187157894736842,12.743431372549018,6.4437265221878235,5.97,18.985,9.531,9.531,projected,8,9.532143719999999,9.532143719999999,projected
00-0035276,Blake Cashman,LB,MIN,30.4,12.513333333333332,7.5,5.013333333333332,4.54,16.153,10.125,10.125,projected,7,9.416655,9.416655,projected
00-0036900,Ja'Marr Chase,WR,CIN,26.5,14.113511029411768,4.975,9.138511029411768,9.344,13.475,9.655,9.655,projected,5,9.40252175,9.40252175,projected
00-0039018,Jack Campbell,LB,DET,26.1,12.468239379084968,7.5,4.968239379084968,5.14,15.393,9.365,9.365,projected,3,9.35010965,9.35010965,projected
00-0036389,Jalen Hurts,QB,PHI,28.1,19.368204334365327,12.743431372549018,6.6247729618163085,6.456,18.695,9.241,9.241,projected,6,9.24802316,9.24802316,projected
00-0039738,Blake Corum,RB,LA,25.8,4.9407499999999995,5.395277777777778,-0.45452777777777875,-0.455,7.338,4.436,4.436,projected,2,9.23553016,9.23553016,projected
00-0040579,Carson Schwesinger,LB,CLE,23.6,11.78125,7.5,4.28125,4.75,14.813,8.785,8.785,projected,1,9.120235599999999,9.120235599999999,projected
00-0036997,Javonte Williams,RB,DAL,26.4,10.831840277777777,5.395277777777778,5.436562499999999,5.575,12.087,9.184,9.184,projected,5,9.10942592,9.10942592,projected
00-0036963,Amon-Ra St. Brown,WR,DET,26.9,12.783271241830066,4.975,7.808271241830067,7.89,13.155,9.335,9.335,projected,5,8.895601550000002,8.895601550000002,projected
00-0035386,T.J. Edwards,LB,CHI,30.1,9.923676470588235,7.5,2.4236764705882354,2.216,15.523,9.495,9.495,projected,7,8.87602095,8.87602095,projected
00-0039811,MarShawn Lloyd,RB,GB,25.7,1.9000000000000001,5.395277777777778,-3.495277777777778,-3.495,7.102,4.2,4.2,projected,2,8.874858,8.874858,projected
00-0040583,Woody Marks,RB,HOU,25.7,7.861111111111111,5.395277777777778,2.4658333333333324,2.58,6.493,3.591,3.591,projected,1,8.81894919,8.81894919,projected
00-0036621,Nick Bolton,LB,KC,26.5,10.945626934984519,7.5,3.445626934984519,3.523,14.917,8.889,8.889,projected,5,8.81833245,8.81833245,projected
00-0033077,Dak Prescott,QB,DAL,33.1,16.856911764705885,12.743431372549018,4.113480392156866,3.392,18.05,8.596,8.596,projected,10,8.58534096,8.58534096,projected
00-0036442,Joe Burrow,QB,CIN,29.8,18.485176470588236,12.743431372549018,5.7417450980392175,5.303,17.892,8.438,8.438,projected,6,8.438675040000001,8.438675040000001,projected
00-0039858,Cedric Gray,LB,TEN,23.9,10.36875,7.5,2.8687500000000004,3.157,14.168,8.14,8.14,projected,2,8.4117946,8.4117946,projected
00-0036973,Travis Etienne,RB,JAX,27.6,10.835111111111111,5.395277777777778,5.439833333333333,5.383,11.561,8.659,8.659,projected,5,8.37775568,8.37775568,projected
00-0036971,Trevor Lawrence,QB,JAX,26.9,17.9125,12.743431372549018,5.169068627450983,5.223,17.779,8.325,8.325,projected,5,8.335322999999999,8.335322999999999,projected
00-0037834,Brock Purdy,QB,SF,26.7,17.848763636363635,12.743431372549018,5.105332263814617,5.19,17.696,8.242,8.242,projected,4,8.255502297142858,8.255502297142858,projected
00-0036275,D'Andre Swift,RB,CHI,27.7,11.503643790849674,5.395277777777778,6.108366013071896,6.026,11.344,8.441,8.441,projected,6,8.14970109,8.14970109,projected
00-0035144,Mack Wilson,LB,ARI,28.6,9.525416666666667,7.5,2.0254166666666666,1.943,14.465,8.437,8.437,projected,7,8.08821442,8.08821442,projected
00-0039163,C.J. Stroud,QB,HOU,25.0,13.447279605263159,12.743431372549018,0.7038482327141402,0.751,14.895,5.441,5.441,projected,3,8.025830571428571,8.025830571428571,projected
00-0034815,Fred Warner,LB,SF,29.8,11.40919117647059,7.5,3.909191176470589,3.61,14.569,8.541,8.541,projected,8,8.02495278,8.02495278,projected
00-0033873,Patrick Mahomes,QB,KC,31.0,19.46082706766917,12.743431372549018,6.717395695120153,5.962,17.416,7.962,7.962,projected,9,7.9588152,7.9588152,projected
00-0036355,Justin Herbert,QB,LAC,28.5,16.759816993464057,12.743431372549018,4.016385620915038,3.866,17.363,7.909,7.909,projected,6,7.913745399999999,7.913745399999999,projected
00-0037074,Quay Walker,LB,GB,26.4,10.695,7.5,3.1950000000000003,3.276,13.914,7.886,7.886,projected,4,7.83584504,7.83584504,projected
00-0036994,Ernest Jones,LB,SEA,26.8,11.289973958333333,7.5,3.7899739583333325,3.841,13.954,7.926,7.926,projected,5,7.82518128,7.82518128,projected
00-0026498,Matthew Stafford,QB,LA,38.6,17.988122222222223,12.743431372549018,5.244690849673205,3.671,17.105,7.651,7.651,projected,17,7.62468056,7.62468056,projected
00-0037238,Drake London,WR,ATL,25.1,11.441151960784312,4.975,6.4661519607843125,6.883,10.84,7.02,7.02,projected,4,7.601172638938052,7.601172638938052,projected
00-0035228,Kyler Murray,QB,ARI,29.1,16.174694117647057,12.743431372549018,3.4312627450980386,3.241,17.007,7.553,7.553,projected,7,7.555719079999999,7.555719079999999,projected
00-0040124,Tetairoa McMillan,WR,CAR,23.4,8.716666666666667,4.975,3.741666666666667,4.174,8.956,5.136,5.136,projected,1,7.531718589734513,7.531718589734513,projected
00-0039150,Bryce Young,QB,CAR,25.1,13.896676470588234,12.743431372549018,1.153245098039216,1.228,14.39,4.936,4.936,projected,3,7.529960274285713,7.529960274285713,projected
00-0040129,Emeka Egbuka,WR,TB,23.9,8.058823529411764,4.975,3.083823529411765,3.394,9.117,5.297,5.297,projected,1,7.50282897902655,7.50282897902655,projected
00-0039067,Rashee Rice,WR,KC,26.4,13.046666666666667,4.975,8.071666666666667,8.277,10.87,7.049,7.049,projected,3,7.49963474300885,7.49963474300885,projected
00-0036500,Jamien Sherwood,LB,NYJ,26.7,11.198529411764707,7.5,3.6985294117647065,3.76,13.61,7.582,7.582,projected,5,7.49761234,7.49761234,projected
00-0033106,Jared Goff,QB,DET,31.9,17.704584967320265,12.743431372549018,4.961153594771247,4.269,16.88,7.426,7.426,projected,10,7.42035624,7.42035624,projected
00-0039064,Zay Flowers,WR,BAL,26.0,9.285294117647059,4.975,4.310294117647059,4.472,10.49,6.67,6.67,projected,3,7.363012389380531,7.363012389380531,projected
00-0040126,Colston Loveland,TE,CHI,22.4,7.461111111111112,4.209742647058824,3.2513684640522884,3.724,8.208,4.919,4.919,projected,1,7.350794988056871,7.350794988056871,projected
00-0039338,Brock Bowers,TE,LV,23.8,9.64906862745098,4.209742647058824,5.439325980392156,6.002,8.777,5.488,5.488,projected,2,7.2153025607582935,7.2153025607582935,projected
00-0034874,Roquan Smith,LB,BAL,29.4,11.115416666666667,7.5,3.6154166666666665,3.382,13.584,7.556,7.556,projected,8,7.14752264,7.14752264,projected
00-0037615,Nakobe Dean,LB,PHI,25.8,10.818593750000002,7.5,3.3185937500000016,3.463,13.128,7.1,7.1,projected,4,7.122577999999999,7.122577999999999,projected
00-0034673,Tremaine Edmunds,LB,CHI,28.4,10.542843137254902,7.5,3.042843137254902,2.938,13.397,7.369,7.369,projected,8,7.08779896,7.08779896,projected
00-0036358,CeeDee Lamb,WR,DAL,27.4,10.648333333333333,4.975,5.673333333333334,5.648,11.444,7.623,7.623,projected,6,7.06484394,7.06484394,projected
00-0035685,David Montgomery,RB,DET,29.3,10.003898039215684,5.395277777777778,4.608620261437906,4.325,10.466,7.564,7.564,projected,7,7.05728764,7.05728764,projected
00-0037247,George Pickens,WR,DAL,25.5,10.682843137254903,4.975,5.707843137254903,6.008,10.449,6.629,6.629,projected,4,7.009796137610619,7.009796137610619,projected
00-0037587,Nate Landman,LB,LA,27.8,9.868317307692308,7.5,2.3683173076923083,2.329,13.068,7.04,7.04,projected,4,6.8385152,6.8385152,projected
00-0040157,Barrett Carter,LB,CIN,23.9,7.953125,7.5,0.453125,0.499,12.644,6.616,6.616,projected,1,6.83690824,6.83690824,projected
00-0036322,Justin Jefferson,LB,MIN,27.3,1.25625,7.5,-6.24375,-6.244,10.779,6.959,6.959,projected,6,6.81515747,6.81515747,projected
00-0034855,Baker Mayfield,QB,TB,31.4,17.36852614379085,12.743431372549018,4.62509477124183,4.049,16.255,6.801,6.801,projected,8,6.79719144,6.79719144,projected
00-0039165,Zach Charbonnet,RB,SEA,25.7,9.335588235294116,5.395277777777778,3.940310457516338,4.124,5.93,3.028,3.028,projected,3,6.781640520000001,6.781640520000001,projected
00-0031898,Alex Singleton,LB,DEN,32.8,10.597916666666666,7.5,3.0979166666666664,2.582,13.596,7.568,7.568,projected,11,6.7497478399999995,6.7497478399999995,projected
00-0037239,Chris Olave,WR,NO,26.2,9.326875,4.975,4.351875,4.489,10.289,6.469,6.469,projected,4,6.649240808672567,6.649240808672567,projected
00-0040735,Luther Burden III,WR,CHI,22.8,5.458823529411766,4.975,0.4838235294117661,0.548,8.215,4.395,4.395,projected,1,6.6220303858407075,6.6220303858407075,projected
00-0039337,Malik Nabers,WR,NYG,23.1,10.67125,4.975,5.696250000000001,6.405,8.484,4.664,4.664,projected,2,6.596510295929203,6.596510295929203,projected
00-0040162,Dylan Sampson,RB,CLE,22.0,3.8600000000000003,5.395277777777778,-1.535277777777778,-1.535,4.495,1.593,1.593,projected,1,6.5757916,6.5757916,projected
00-0039850,Edgerrin Cooper,LB,GB,24.8,9.411838235294118,7.5,1.911838235294118,2.052,12.471,6.443,6.443,projected,2,6.565932439999999,6.565932439999999,projected
00-0038553,Daiyan Henley,LB,LAC,26.8,10.436397058823529,7.5,2.9363970588235286,2.976,12.67,6.642,6.642,projected,3,6.55751376,6.55751376,projected
00-0038128,Malik Willis,QB,GB,27.3,11.240916666666667,12.743431372549018,-1.5025147058823514,-1.503,15.532,6.078,6.078,projected,4,6.527827097142857,6.527827097142857,projected
00-0036322,Justin Jefferson,WR,MIN,27.3,9.287601307189544,4.975,4.312601307189544,4.306,10.779,6.959,6.959,projected,6,6.485857589999999,6.485857589999999,projected
00-0036418,Zack Baun,LB,PHI,29.7,11.839926470588235,7.5,4.339926470588235,4.021,12.912,6.884,6.884,projected,6,6.47901428,6.47901428,projected
00-0036264,Jordan Love,QB,GB,27.9,15.681437499999998,12.743431372549018,2.938006127450979,2.881,15.886,6.432,6.432,projected,6,6.4374028800000005,6.4374028800000005,projected
00-0035687,Bobby Okereke,LB,NYG,30.1,10.49203431372549,7.5,2.9920343137254903,2.736,12.9,6.872,6.872,projected,7,6.4240143199999995,6.4240143199999995,projected
00-0037228,Jaylen Warren,RB,PIT,27.9,9.077830882352943,5.395277777777778,3.682553104575165,3.611,9.583,6.68,6.68,projected,4,6.422352399999999,6.422352399999999,projected
00-0036875,Rhamondre Stevenson,RB,NE,28.6,10.074944444444444,5.395277777777778,4.679666666666666,4.49,9.661,6.759,6.759,projected,5,6.40225998,6.40225998,projected
00-0036323,Patrick Queen,LB,PIT,27.1,9.360416666666666,7.5,1.8604166666666657,1.869,12.49,6.462,6.462,projected,6,6.34897962,6.34897962,projected
00-0034982,Dre Greenlaw,LB,DEN,29.3,5.800000000000001,7.5,-1.6999999999999993,-1.7,12.664,6.636,6.636,projected,7,6.28780908,6.28780908,projected
00-0037744,Trey McBride,TE,ARI,26.8,10.89045955882353,4.209742647058824,6.680716911764706,6.771,9.435,6.146,6.146,projected,4,6.2811863120379146,6.2811863120379146,projected
00-0034869,Sam Darnold,QB,SEA,29.3,15.237833333333334,12.743431372549018,2.494401960784316,2.341,15.687,6.233,6.233,projected,8,6.23474524,6.23474524,projected
00-0040236,Kyle Monangai,RB,CHI,24.3,7.552631578947368,5.395277777777778,2.15735380116959,2.348,7.888,4.986,4.986,projected,1,6.22526686,6.22526686,projected
00-0036158,J.K. Dobbins,RB,DEN,27.7,11.030000000000001,5.395277777777778,5.634722222222223,5.559,9.334,6.431,6.431,projected,6,6.20906619,6.20906619,projected
00-0034720,Robert Spillane,LB,NE,30.8,9.973529411764705,7.5,2.473529411764705,2.21,12.694,6.666,6.666,projected,8,6.15725088,6.15725088,projected
00-0035710,Daniel Jones,QB,IND,29.3,15.7225,12.743431372549018,2.9790686274509817,2.796,15.57,6.116,6.116,projected,7,6.11771248,6.11771248,projected
00-0035166,Azeez Al-Shaair,LB,HOU,29.1,8.644925213675213,7.5,1.1449252136752133,1.081,12.452,6.424,6.424,projected,7,6.10736104,6.10736104,projected
00-0039915,Ladd McConkey,WR,LAC,24.8,8.685,4.975,3.710000000000001,3.983,8.419,4.599,4.599,projected,2,5.979127753274335,5.979127753274335,projected
00-0040128,Tyler Warren,TE,IND,24.3,7.005882352941177,4.209742647058824,2.7961397058823536,3.044,7.253,3.964,3.964,projected,1,5.972062817819905,5.972062817819905,projected
00-0038556,DeMarvion Overshown,LB,DAL,26.1,7.586698717948718,7.5,0.08669871794871842,0.09,12.004,5.976,5.976,projected,3,5.96649816,5.96649816,projected
00-0039919,Rome Odunze,WR,CHI,24.3,7.384915966386555,4.975,2.4099159663865555,2.623,8.184,4.364,4.364,projected,2,5.962138461238938,5.962138461238938,projected
00-0036554,Nico Collins,WR,HOU,27.5,11.0321875,4.975,6.0571874999999995,6.012,10.238,6.418,6.418,projected,5,5.9145079,5.9145079,projected
00-0039032,Tyjae Spears,RB,TEN,25.3,6.085833333333333,5.395277777777778,0.6905555555555551,0.731,5.515,2.613,2.613,projected,3,5.874930730000001,5.874930730000001,projected
00-0040242,Jacory Croskey-Merritt,RB,WAS,25.4,7.658823529411766,5.395277777777778,2.2635457516339876,2.389,8.066,5.163,5.163,projected,1,5.8662053400000005,5.8662053400000005,projected
00-0035676,A.J. Brown,WR,PHI,29.2,10.043033088235294,4.975,5.068033088235294,4.772,10.804,6.983,6.983,projected,7,5.81432512,5.81432512,projected
00-0037240,Jameson Williams,WR,DET,25.5,9.905275735294119,4.975,4.930275735294119,5.189,9.196,5.376,5.376,projected,4,5.763458152212389,5.763458152212389,projected
00-0037256,Rachaad White,RB,TB,27.7,7.490551470588235,5.395277777777778,2.0952736928104567,2.067,7.282,4.38,4.38,projected,4,5.750766199999999,5.750766199999999,projected
00-0035525,Devin Bush,LB,CLE,28.2,9.491176470588236,7.5,1.9911764705882362,1.934,11.959,5.931,5.931,projected,7,5.7235336199999995,5.7235336199999995,projected
00-0035261,Tony Pollard,RB,TEN,29.4,9.513419117647059,5.395277777777778,4.118141339869281,3.853,9.003,6.1,6.1,projected,7,5.678978,5.678978,projected
00-0039794,Braelon Allen,RB,NYJ,22.7,3.5958088235294117,5.395277777777778,-1.7994689542483666,-1.799,4.962,2.06,2.06,projected,2,5.6223194,5.6223194,projected
00-0039849,Marvin Harrison Jr.,WR,ARI,24.1,7.71218137254902,4.975,2.7371813725490206,2.996,7.784,3.964,3.964,projected,2,5.59301489238938,5.59301489238938,projected
00-0036139,Rico Dowdle,RB,CAR,28.3,10.13829861111111,5.395277777777778,4.743020833333333,4.594,8.745,5.842,5.842,projected,6,5.569237019999999,5.569237019999999,projected
00-0036555,Chuba Hubbard,RB,CAR,27.3,9.4438125,5.395277777777778,4.048534722222222,4.042,8.586,5.684,5.684,projected,5,5.53399924,5.53399924,projected
00-0040663,Harold Fannin Jr.,TE,CLE,22.2,7.6000000000000005,4.209742647058824,3.390257352941177,3.904,6.908,3.619,3.619,projected,1,5.497031138578199,5.497031138578199,projected
00-0035316,Kaden Elliss,LB,ATL,31.3,10.169117647058822,7.5,2.6691176470588225,2.345,11.904,5.876,5.876,projected,7,5.38082948,5.38082948,projected
00-0037740,Garrett Wilson,WR,NYJ,26.2,9.355672268907563,4.975,4.3806722689075634,4.519,8.993,5.173,5.173,projected,4,5.367827765132744,5.367827765132744,projected
00-0029607,Demario Davis,LB,NO,37.7,10.288465073529412,7.5,2.7884650735294123,1.952,12.621,6.593,6.593,projected,14,5.3665042099999996,5.3665042099999996,projected
00-0037244,Devin Lloyd,LB,JAX,28.0,9.093359375,7.5,1.5933593750000004,1.558,11.483,5.455,5.455,projected,4,5.281531,5.281531,projected
00-0036813,Christian Elliss,LB,NE,27.7,7.6444353070175435,7.5,0.14443530701754348,0.142,11.436,5.408,5.408,projected,5,5.26182176,5.26182176,projected
00-0040738,Demetrius Knight Jr.,LB,CIN,26.2,9.029411764705882,7.5,1.5294117647058822,1.578,11.213,5.185,5.185,projected,1,5.1685117,5.1685117,projected
00-0035697,Germaine Pratt,OLB,IND,30.3,10.728722426470588,7.5,3.228722426470588,2.933,,,5.4714999999999945,rank_imputed,7,5.097413544999995,5.097413544999995,rank_imputed
00-0034302,Frankie Luvu,LB,WAS,30.0,8.095992647058823,7.5,0.5959926470588233,0.547,11.406,5.378,5.378,projected,8,5.0359592,5.0359592,projected
00-0040177,Jordan James,RB,SF,22.5,3.6000000000000005,5.395277777777778,-1.7952777777777778,-1.795,3.73,0.827,0.827,projected,1,4.99679835,4.99679835,projected
00-0034431,Zaire Franklin,LB,IND,30.2,11.017647058823528,7.5,3.5176470588235276,3.206,11.378,5.35,5.35,projected,8,4.992727,4.992727,projected
00-0039065,Sam LaPorta,TE,DET,25.7,7.84437908496732,4.209742647058824,3.6346364379084966,3.804,7.455,4.166,4.166,projected,3,4.921898967582939,4.921898967582939,projected
00-0036410,Tee Higgins,WR,CIN,27.7,11.443000000000001,4.975,6.468000000000002,6.381,9.205,5.384,5.384,projected,6,4.905308560000001,4.905308560000001,projected
00-0037254,Terrel Bernard,LB,BUF,27.4,8.267447916666667,7.5,0.7674479166666668,0.764,11.033,5.005,5.005,projected,4,4.8935887000000005,4.8935887000000005,projected
00-0039893,Brian Thomas Jr.,WR,JAX,23.9,8.654980392156862,4.975,3.679980392156862,4.05,7.193,3.372,3.372,projected,2,4.886292954690266,4.886292954690266,projected
00-0036912,DeVonta Smith,WR,PHI,27.8,8.459330065359477,4.975,3.4843300653594778,3.427,9.185,5.364,5.364,projected,5,4.85903304,4.85903304,projected
00-0038606,Parker Washington,WR,JAX,24.5,7.122908653846155,4.975,2.147908653846155,2.325,8.043,4.223,4.223,projected,3,4.7787701022123885,4.7787701022123885,projected
00-0035680,Quincy Williams,LB,NYJ,30.1,9.921323529411765,7.5,2.421323529411765,2.214,11.105,5.077,5.077,projected,7,4.74603037,4.74603037,projected
00-0036990,Divine Deablo,LB,ATL,28.1,7.0538461538461545,7.5,-0.44615384615384546,-0.446,10.924,4.896,4.896,projected,5,4.73252256,4.73252256,projected
00-0037664,Alec Pierce,WR,IND,26.4,8.912187500000002,4.975,3.937187500000002,4.038,8.406,4.585,4.585,projected,4,4.695756490265487,4.695756490265487,projected
00-0040708,Jihaad Campbell,LB,PHI,22.6,6.53125,7.5,-0.96875,-0.969,10.439,4.411,4.411,projected,1,4.64945866,4.64945866,projected
00-0038555,Tank Bigsby,RB,PHI,24.0,5.687166666666668,5.395277777777778,0.29188888888888975,0.32,4.369,1.467,1.467,projected,3,4.6260802000000005,4.6260802000000005,projected
00-0038557,Dorian Williams,LB,BUF,25.2,5.569618055555555,7.5,-1.930381944444445,-1.93,10.594,4.566,4.566,projected,3,4.62407952,4.62407952,projected
00-0035672,Cody Barton,LB,TEN,29.8,7.716482843137255,7.5,0.2164828431372552,0.2,10.935,4.907,4.907,projected,7,4.61051906,4.61051906,projected
00-0038124,Christian Watson,WR,GB,27.3,8.41818181818182,4.975,3.44318181818182,3.438,8.483,4.663,4.663,projected,4,4.571191656548672,4.571191656548672,projected
00-0040667,Matthew Golden,WR,GB,23.1,3.9133333333333336,4.975,-1.061666666666666,-1.062,6.394,2.573,2.573,projected,1,4.561140007345133,4.561140007345133,projected
00-0039347,Trevin Wallace,LB,CAR,23.6,7.381534090909091,7.5,-0.11846590909090882,-0.118,,,4.281,rank_imputed,2,4.444362959999999,4.444362959999999,rank_imputed
00-0039894,Xavier Worthy,WR,KC,23.4,6.727763157894737,4.975,1.7527631578947371,1.955,6.7,2.88,2.88,projected,2,4.391840453097346,4.391840453097346,projected
00-0036964,Derrick Barnes,LB,DET,27.3,5.609558823529412,7.5,-1.8904411764705884,-1.89,10.504,4.476,4.476,projected,5,4.38348108,4.38348108,projected
00-0038996,Tucker Kraft,TE,GB,25.9,9.523611111111112,4.209742647058824,5.313868464052288,5.529,7.066,3.777,3.777,projected,3,4.380293765118484,4.380293765118484,projected
00-0037525,Jordan Mason,RB,MIN,27.3,7.650520833333333,5.395277777777778,2.255243055555555,2.252,7.39,4.488,4.488,projected,4,4.36956168,4.36956168,projected
00-0040142,Kaleb Johnson,RB,PIT,23.1,0.6900000000000001,5.395277777777778,-4.705277777777778,-4.705,0.766,-2.136,-2.136,projected,1,4.3581152012994995,4.3581152012994995,projected
00-0038994,Jordan Addison,WR,MIN,24.6,7.995625,4.975,3.020625000000001,3.261,7.196,3.375,3.375,projected,3,4.312116792035398,4.312116792035398,projected
00-0033293,Aaron Jones,RB,MIN,31.8,8.899305555555557,5.395277777777778,3.504027777777779,3.026,7.777,4.874,4.874,projected,9,4.30013524,4.30013524,projected
00-0033336,Eric Wilson,LB,MIN,32.0,8.736029411764706,7.5,1.2360294117647062,1.06,10.771,4.744,4.744,projected,9,4.291422399999999,4.291422399999999,projected
00-0033119,Jacoby Brissett,QB,ARI,33.8,12.629928571428573,12.743431372549018,-0.11350280112044508,-0.114,13.744,4.29,4.29,projected,10,4.2834792,4.2834792,projected
00-0035262,Drue Tranquill,LB,KC,31.1,8.033281733746131,7.5,0.5332817337461311,0.472,10.62,4.592,4.592,projected,7,4.219634719999999,4.219634719999999,projected
00-0038570,Ventrell Miller,LB,JAX,27.7,4.943333333333333,7.5,-2.5566666666666666,-2.557,10.355,4.327,4.327,projected,3,4.21004119,4.21004119,projected
00-0038544,Quentin Johnston,WR,LAC,25.0,8.663035714285714,4.975,3.6880357142857143,3.937,7.135,3.315,3.315,projected,3,4.184399986725664,4.184399986725664,projected
00-0035700,Josh Jacobs,RB,GB,28.6,13.862430555555555,5.395277777777778,8.467152777777777,8.124,7.252,4.35,4.35,projected,7,4.120406999999999,4.120406999999999,projected
00-0036613,Jaylen Waddle,WR,MIA,27.8,7.684833333333334,4.975,2.709833333333334,2.665,8.358,4.537,4.537,projected,5,4.10988682,4.10988682,projected
00-0038599,Henry To'oTo'o,LB,HOU,25.7,8.002244582043344,7.5,0.5022445820433443,0.526,10.114,4.086,4.086,projected,3,4.10549022,4.10549022,projected
00-0040130,Jayden Higgins,WR,HOU,23.8,5.436842105263159,4.975,0.46184210526315894,0.51,,,2.1775,rank_imputed,1,3.9526704066371687,3.9526704066371687,rank_imputed
00-0033914,Alex Anzalone,LB,DET,32.0,9.10440340909091,7.5,1.60440340909091,1.376,10.337,4.309,4.309,projected,9,3.8979214,3.8979214,projected
00-0039774,Omar Speights,LB,LA,25.5,6.733755060728745,7.5,-0.7662449392712549,-0.766,9.81,3.782,3.782,projected,2,3.8120668999999996,3.8120668999999996,projected
00-0036298,Akeem Davis-Gaither,LB,ARI,29.0,7.8960937499999995,7.5,0.39609374999999947,0.375,10.019,3.991,3.991,projected,6,3.8006293,3.8006293,projected
00-0039874,Jaylen Wright,RB,MIA,23.5,3.7300427350427343,5.395277777777778,-1.665235042735044,-1.665,2.902,0.0,0.0,projected,2,3.80016,3.80016,projected
00-0039146,Jayden Reed,WR,GB,26.4,7.677777777777777,4.975,2.7027777777777775,2.772,7.048,3.227,3.227,projected,3,3.77190319539823,3.77190319539823,projected
00-0023459,Aaron Rodgers,QB,PIT,42.8,13.813,12.743431372549018,1.0695686274509821,0.749,13.162,3.708,3.708,projected,21,3.68901504,3.68901504,projected
00-0040644,Trevor Etienne,RB,CAR,22.2,0.581818181818182,5.395277777777778,-4.813459595959596,-4.813,1.129,-1.773,-1.773,projected,1,3.634294413725235,3.634294413725235,projected
00-0039377,Jaylon Carlies,LB,IND,25.0,2.2375,7.5,-5.2625,-5.263,9.575,3.547,3.547,projected,2,3.6033973,3.6033973,projected
00-0034827,DJ Moore,WR,CHI,29.4,8.131421052631579,4.975,3.156421052631579,2.953,8.177,4.357,4.357,projected,8,3.582238260000001,3.582238260000001,projected
00-0035640,DK Metcalf,WR,PIT,28.8,8.701895833333333,4.975,3.7268958333333337,3.554,7.977,4.157,4.157,projected,7,3.54824892,3.54824892,projected
00-0038933,Dalton Kincaid,TE,BUF,26.9,6.778169642857143,4.209742647058824,2.568426995798319,2.595,6.21,2.921,2.921,projected,3,3.529203122843602,3.529203122843602,projected
00-0036970,Kyle Pitts,TE,ATL,25.9,6.862058823529412,4.209742647058824,2.6523161764705883,2.76,6.686,3.397,3.397,projected,5,3.52105844,3.52105844,projected
00-0038040,Zamir White,RB,LV,27.0,1.825625,5.395277777777778,-3.5696527777777782,-3.57,,,2.309,rank_imputed,4,3.5102873,3.5102873,rank_imputed
00-0038559,Michael Wilson,WR,ARI,26.6,7.548713235294118,4.975,2.573713235294118,2.624,6.917,3.097,3.097,projected,3,3.4856780869026545,3.4856780869026545,projected
00-0030565,Geno Smith,QB,LV,35.9,12.743431372549018,12.743431372549018,0.0,0.0,12.864,3.411,3.411,projected,13,3.40295004,3.40295004,projected
00-0033288,George Kittle,TE,SF,32.9,9.889750000000001,4.209742647058824,5.680007352941177,4.717,7.499,4.21,4.21,projected,9,3.3853452,3.3853452,projected
00-0039384,Tyrone Tracy Jr.,RB,NYG,26.8,8.571941176470588,5.395277777777778,3.17666339869281,3.22,3.718,0.815,0.815,projected,2,3.3769643999999994,3.3769643999999994,projected
00-0040733,Nick Emmanwori,S,SEA,22.6,9.602941176470589,8.14908088235294,1.4538602941176482,1.657,10.726,1.307,1.307,projected,1,3.3715080399999997,3.3715080399999997,projected
00-0039921,Trey Benson,RB,ARI,24.2,5.035416666666667,5.395277777777778,-0.35986111111111097,-0.36,0.933,-1.969,-1.969,projected,2,3.3343309826924195,3.3343309826924195,projected
00-0035659,Terry McLaurin,WR,WAS,31.0,9.33175,4.975,4.35675,3.867,8.334,4.513,4.513,projected,7,3.3328504999999997,3.3328504999999997,projected
00-0031381,Davante Adams,WR,LA,33.7,11.506764705882354,4.975,6.531764705882354,5.268,9.399,5.579,5.579,projected,12,3.3322809099999993,3.3322809099999993,projected
00-0038611,Chris Rodriguez Jr.,RB,WAS,27.0,6.622083333333333,5.395277777777778,1.226805555555555,1.236,5.022,2.119,2.119,projected,3,3.3148643000000004,3.3148643000000004,projected
00-0034351,Dallas Goedert,TE,PHI,31.7,8.3253125,4.209742647058824,4.115569852941177,3.566,7.213,3.924,3.924,projected,8,3.31169904,3.31169904,projected
00-0037823,Christian Harris,LB,HOU,25.7,3.84375,7.5,-3.65625,-3.656,9.322,3.295,3.295,projected,4,3.31071715,3.31071715,projected
00-0038625,Dee Winters,LB,SF,25.9,7.2510416666666675,7.5,-0.2489583333333325,-0.249,9.327,3.299,3.299,projected,3,3.30424541,3.30424541,projected
00-0038922,Drake Thomas,LB,SEA,26.6,6.193092105263158,7.5,-1.3069078947368418,-1.307,9.305,3.277,3.277,projected,3,3.24573742,3.24573742,projected
00-0034973,Maxx Crosby,EDR,LV,29.1,10.209479166666668,5.966323529411765,4.243155637254903,4.008,10.045,3.536,3.536,projected,7,3.179748,3.179748,projected
00-0037746,Brian Robinson,RB,SF,27.5,5.630588235294118,5.395277777777778,0.2353104575163396,0.234,4.672,1.769,1.769,projected,4,3.1767339499999996,3.1767339499999996,projected
00-0038935,Brenton Strange,TE,JAX,25.7,5.2625,4.209742647058824,1.0527573529411764,1.102,5.792,2.503,2.503,projected,3,3.119231754881517,3.119231754881517,projected
00-0037838,Isaiah Likely,TE,BAL,26.4,4.316791443850268,4.209742647058824,0.10704879679144419,0.11,6.256,2.967,2.967,projected,4,3.082324630521327,3.082324630521327,projected
00-0040645,Cody Simon,LB,ARI,24.5,6.285714285714286,7.5,-1.2142857142857144,-1.214,9.014,2.986,2.986,projected,1,3.0572161,3.0572161,projected
00-0039049,SirVocea Dennis,LB,TB,26.5,9.647135416666668,7.5,2.147135416666668,2.195,9.107,3.08,3.08,projected,3,3.055514,3.055514,projected
00-0029255,Bobby Wagner,MLB,WAS,36.2,11.597297794117647,7.5,4.097297794117647,2.997,,,3.6430000000000016,rank_imputed,14,3.052178260000001,3.052178260000001,rank_imputed
00-0040737,Terrance Ferguson,TE,LA,23.5,3.4000000000000004,4.209742647058824,-0.8097426470588234,-0.81,4.717,1.428,1.428,projected,1,3.0344181497630327,3.0344181497630327,projected
00-0034753,Mark Andrews,TE,BAL,31.0,6.037770897832818,4.209742647058824,1.8280282507739942,1.622,6.755,3.466,3.466,projected,8,3.0057152,3.0057152,projected
00-0037816,Romeo Doubs,WR,GB,26.4,7.305882352941178,4.975,2.3308823529411784,2.39,6.691,2.871,2.871,projected,4,2.939788237522124,2.939788237522124,projected
00-0031408,Mike Evans,WR,TB,33.1,9.122583333333335,4.975,4.147583333333335,3.42,8.261,4.441,4.441,projected,12,2.7919234699999995,2.7919234699999995,projected
00-0037263,Tyler Allgeier,RB,ATL,26.4,6.166764705882353,5.395277777777778,0.7714869281045749,0.791,4.712,1.809,1.809,projected,4,2.7849509199999996,2.7849509199999996,projected
00-0034348,Courtland Sutton,WR,DEN,30.9,9.24907120743034,4.975,4.274071207430341,3.806,7.556,3.735,3.735,projected,8,2.7778315499999997,2.7778315499999997,projected
00-0035643,Jeffery Simmons,IL,TEN,29.1,9.331666666666667,5.966323529411765,3.365343137254902,3.179,9.37,2.86,2.86,projected,7,2.7577549999999995,2.7577549999999995,projected
00-0040069,Teddye Buchanan,LB,BAL,24.0,7.866071428571429,7.5,0.3660714285714288,0.402,8.694,2.666,2.666,projected,1,2.7507788,2.7507788,projected
00-0040182,Dante Trader Jr.,S,MIA,23.6,4.466666666666667,8.14908088235294,-3.682414215686274,-3.682,11.028,1.609,1.609,projected,1,2.70013578,2.70013578,projected
00-0040586,Jaydon Blue,RB,DAL,22.7,3.7,5.395277777777778,-1.695277777777778,-1.695,,,-1.4335,rank_imputed,1,2.6933009981349407,2.6933009981349407,rank_imputed
00-0036428,Justin Strnad,LB,DEN,30.1,6.158333333333333,7.5,-1.3416666666666668,-1.342,8.902,2.875,2.875,projected,6,2.6875787499999997,2.6875787499999997,projected
00-0040179,DJ Giddens,RB,IND,23.1,1.9200000000000004,5.395277777777778,-3.475277777777778,-3.475,1.545,-1.358,-1.358,projected,1,2.680060731912321,2.680060731912321,projected
00-0035713,Brian Burns,EDR,NYG,28.4,10.222058823529412,5.966323529411765,4.255735294117647,4.109,9.389,2.879,2.879,projected,7,2.6544380000000003,2.6544380000000003,projected
00-0038997,Josh Downs,WR,IND,25.1,6.278437500000001,4.975,1.3034375000000011,1.388,5.85,2.029,2.029,projected,3,2.653303614070796,2.653303614070796,projected
00-0038135,Jaquan Brisker,S,CHI,27.4,9.733552631578947,8.14908088235294,1.5844717492260063,1.577,12.115,2.696,2.696,projected,4,2.6514620800000004,2.6514620800000004,projected
00-0039846,Tykee Smith,S,TB,25.6,9.215685096153846,8.14908088235294,1.0666042138009058,1.119,11.479,2.059,2.059,projected,2,2.64285138,2.64285138,projected
00-0039741,Payton Wilson,LB,PIT,26.4,8.680841503267974,7.5,1.180841503267974,1.211,8.675,2.648,2.648,projected,2,2.63115872,2.63115872,projected
00-0038117,Wan'Dale Robinson,WR,NYG,25.7,7.486047794117648,4.975,2.5110477941176486,2.628,6.195,2.375,2.375,projected,4,2.6287310066371683,2.6287310066371683,projected
00-0040716,Craig Woodson,S,NE,25.6,7.392857142857143,8.14908088235294,-0.7562237394957974,-0.756,10.688,1.269,1.269,projected,1,2.6002735799999996,2.6002735799999996,projected
00-0040141,Kevin Winston Jr.,S,TEN,22.8,6.21875,8.14908088235294,-1.9303308823529406,-1.93,10.368,0.949,0.949,projected,1,2.5647135399999996,2.5647135399999996,projected
00-0036252,Michael Pittman,WR,IND,28.9,7.239025735294118,4.975,2.264025735294118,2.152,6.8,2.98,2.98,projected,6,2.5280234,2.5280234,projected
00-0034960,Jakobi Meyers,WR,JAX,29.9,7.403588235294118,4.975,2.428588235294118,2.236,6.993,3.172,3.172,projected,7,2.5250071600000004,2.5250071600000004,projected
00-0037261,Khalil Shakir,WR,BUF,26.6,6.844444444444445,4.975,1.8694444444444454,1.906,6.259,2.439,2.439,projected,4,2.4755940915044246,2.4755940915044246,projected
00-0033090,Hunter Henry,TE,NE,31.8,6.304345238095238,4.209742647058824,2.0946025910364146,1.809,6.231,2.942,2.942,projected,10,2.47316288,2.47316288,projected
00-0030506,Travis Kelce,TE,KC,36.9,7.086795665634675,4.209742647058824,2.877053018575851,2.044,6.943,3.654,3.654,projected,13,2.45300328,2.45300328,projected
00-0033868,Myles Garrett,DE,CLE,30.7,11.065049019607843,5.966323529411765,5.0987254901960775,4.571,9.399,2.889,2.889,projected,9,2.44770525,2.44770525,projected
00-0039855,Jalen McMillan,WR,TB,24.8,5.76375,4.975,0.7887500000000003,0.847,5.351,1.53,1.53,projected,2,2.441521561061947,2.441521561061947,projected
00-0033921,Chris Godwin Jr.,WR,TB,30.6,8.295,4.975,3.3200000000000003,2.986,6.988,3.167,3.167,projected,9,2.40508314,2.40508314,projected
00-0038041,Jake Ferguson,TE,DAL,27.7,5.488088235294118,4.209742647058824,1.278345588235294,1.261,5.688,2.399,2.399,projected,4,2.403986007772512,2.403986007772512,projected
00-0037545,Rashid Shaheed,WR,SEA,28.0,6.491666666666666,4.975,1.5166666666666666,1.483,6.461,2.64,2.64,projected,4,2.363856,2.363856,projected
00-0040718,Travis Hunter,CB,JAX,23.3,3.2142857142857144,8.14908088235294,-4.934795168067226,-4.935,4.021,0.201,0.201,projected,1,2.3067122099999997,2.3067122099999997,projected
00-0038038,Kyle Hamilton,S,BAL,25.5,9.570271381578948,8.14908088235294,1.4211904992260074,1.496,11.566,2.147,2.147,projected,4,2.28000665,2.28000665,projected
00-0036338,Troy Dye,LB,LAC,30.0,5.853764204545454,7.5,-1.6462357954545457,-1.646,8.399,2.371,2.371,projected,6,2.2202044,2.2202044,projected
00-0035669,Nick Scott,S,CAR,31.3,6.955555555555557,8.14908088235294,-1.193525326797384,-1.194,12.118,2.699,2.699,projected,7,2.21968459,2.21968459,projected
00-0036328,Antonio Gibson,RB,NE,28.2,3.5334705882352946,5.395277777777778,-1.8618071895424837,-1.862,,,2.309,rank_imputed,6,2.20588006,2.20588006,rank_imputed
00-0036265,AJ Dillon,RB,PHI,28.4,1.0666666666666667,5.395277777777778,-4.328611111111112,-4.329,5.212,2.309,2.309,projected,6,2.19650552,2.19650552,projected
00-0036040,Juwan Johnson,TE,NO,30.0,5.997490196078432,4.209742647058824,1.787747549019608,1.64,5.712,2.423,2.423,projected,6,2.1816692,2.1816692,projected
00-0035272,Andrew Van Ginkel,EDR,MIN,31.2,9.763368055555556,5.966323529411765,3.7970445261437913,3.347,9.113,2.603,2.603,projected,7,2.163093,2.163093,projected
00-0035719,Deebo Samuel Sr.,WR,WAS,30.7,7.633750000000001,4.975,2.6587500000000013,2.384,6.615,2.795,2.795,projected,7,2.10796105,2.10796105,projected
00-0038608,Kayshon Boutte,WR,NE,24.4,6.1593888888888895,4.975,1.1843888888888898,1.286,5.56,1.74,1.74,projected,3,2.104052757522124,2.104052757522124,projected
00-0033906,Alvin Kamara,RB,NO,31.1,9.272954545454546,5.395277777777778,3.8776767676767676,3.43,5.245,2.343,2.343,projected,9,2.10042921,2.10042921,projected
00-0037236,Aidan Hutchinson,EDR,DET,26.1,10.702890625,5.966323529411765,4.736567095588235,4.9,8.598,2.088,2.088,projected,4,2.081214,2.081214,projected
00-0039916,Ricky Pearsall,WR,SF,26.0,6.079000000000001,4.975,1.104000000000001,1.145,,,0.9639999999999952,rank_imputed,2,2.069231858407075,2.069231858407075,rank_imputed
00-0036349,Kam Curl,S,LA,27.5,9.320208333333333,8.14908088235294,1.1711274509803928,1.162,11.52,2.1,2.1,projected,6,2.056635,2.056635,projected
00-0037252,Greg Dulcich,TE,MIA,26.5,3.230555555555555,4.209742647058824,-0.9791870915032685,-0.979,5.198,1.909,1.909,projected,4,2.0236554663507107,2.0236554663507107,projected
00-0037197,Isiah Pacheco,RB,KC,27.5,5.323,5.395277777777778,-0.07227777777777789,-0.072,4.873,1.971,1.971,projected,4,2.01770305,2.01770305,projected
00-0033890,Budda Baker,S,ARI,30.7,10.197886029411766,8.14908088235294,2.0488051470588253,1.837,11.795,2.376,2.376,projected,9,2.01292344,2.01292344,projected
00-0040718,Travis Hunter,WR,JAX,23.3,5.371428571428572,4.975,0.39642857142857224,0.443,4.021,0.201,0.201,projected,1,1.9668302896460177,1.9668302896460177,projected
00-0037616,Nick Cross,S,IND,25.0,10.24154411764706,8.14908088235294,2.092463235294119,2.234,11.214,1.795,1.795,projected,4,1.9432669999999999,1.9432669999999999,projected
00-0040138,Jaylin Noel,WR,HOU,24.0,2.8125,4.975,-2.1624999999999996,-2.162,4.452,0.632,0.632,projected,1,1.9226933946902656,1.9226933946902656,projected
00-0039491,Jalen Coker,WR,CAR,24.9,6.313310606060607,4.975,1.338310606060607,1.433,5.602,1.782,1.782,projected,2,1.8845184600000002,1.8845184600000002,projected
00-0036380,Alohi Gilman,S,BAL,29.0,7.258394607843137,8.14908088235294,-0.8906862745098039,-0.891,11.456,2.037,2.037,projected,6,1.8687437999999998,1.8687437999999998,projected
00-0039108,Will Anderson Jr.,EDR,HOU,25.0,9.77736111111111,5.966323529411765,3.8110375816993454,4.068,8.273,1.764,1.764,projected,3,1.82133,1.82133,projected
00-0039875,Ray Davis,RB,BUF,26.8,4.103929824561404,5.395277777777778,-1.2913479532163743,-1.291,1.153,-1.749,-1.749,projected,2,1.806527348133691,1.806527348133691,projected
00-0040148,Xavier Watts,S,ATL,24.8,8.867647058823529,8.14908088235294,0.7185661764705884,0.771,9.848,0.429,0.429,projected,1,1.80567894,1.80567894,projected
00-0040688,Malaki Starks,S,BAL,22.8,6.661764705882353,8.14908088235294,-1.4873161764705873,-1.487,9.305,-0.114,-0.114,projected,1,1.7949513967242174,1.7949513967242174,projected
00-0038563,Tre Tucker,WR,LV,25.5,6.012352941176471,4.975,1.0373529411764713,1.092,5.108,1.288,1.288,projected,3,1.7902178371681416,1.7902178371681416,projected
00-0037275,DaRon Bland,CB,DAL,27.2,9.104166666666668,8.14908088235294,0.9550857843137273,0.957,11.382,1.963,1.963,projected,4,1.7846418200000003,1.7846418200000003,projected
00-0036407,Jerry Jeudy,WR,CLE,27.4,6.104117647058824,4.975,1.1291176470588242,1.124,5.743,1.923,1.923,projected,6,1.78219794,1.78219794,projected
00-0039793,AJ Barner,TE,SEA,24.4,4.895,4.209742647058824,0.6852573529411758,0.744,4.303,1.014,1.014,projected,2,1.7516202335545024,1.7516202335545024,projected
00-0039309,Byron Murphy II,IL,SEA,24.0,4.8520559210526315,5.966323529411765,-1.1142676083591336,-1.114,8.032,1.522,1.522,projected,7,1.71986,1.71986,projected
00-0039864,Dadrion Taylor-Demerson,S,ARI,25.7,6.4002083333333335,8.14908088235294,-1.748872549019607,-1.749,10.642,1.223,1.223,projected,2,1.7135628699999998,1.7135628699999998,projected
00-0039391,Kimani Vidal,RB,LAC,25.1,6.4477777777777785,5.395277777777778,1.0525000000000002,1.12,2.405,-0.498,-0.498,projected,2,1.6894152136466754,1.6894152136466754,projected
00-0038978,Byron Young,IL,PHI,25.8,3.3214285714285716,5.966323529411765,-2.6448949579831935,-2.645,8.079,1.569,1.569,projected,3,1.6811834999999997,1.6811834999999997,projected
00-0040189,Oronde Gadsden II,TE,LAC,23.2,5.6625000000000005,4.209742647058824,1.4527573529411768,1.629,4.158,0.869,0.869,projected,1,1.6292866892890996,1.6292866892890996,projected
00-0035717,Nick Bosa,EDR,SF,28.9,11.078846153846154,5.966323529411765,5.112522624434389,4.859,8.302,1.792,1.792,projected,7,1.623104,1.623104,projected
00-0037191,Trent McDuffie,CB,KC,26.0,7.690789473684211,8.14908088235294,-0.45829140866872997,-0.458,11.103,1.684,1.684,projected,4,1.6144508,1.6144508,projected
00-0039021,Roschon Johnson,RB,CHI,25.6,2.39,5.395277777777778,-3.005277777777778,-3.005,1.865,-1.038,-1.038,projected,3,1.5919606713486487,1.5919606713486487,projected
00-0040198,Ollie Gordon II,RB,MIA,22.7,2.9875000000000007,5.395277777777778,-2.4077777777777776,-2.408,1.422,-1.48,-1.48,projected,1,1.5918004584860217,1.5918004584860217,projected
00-0039363,Isaac Guerendo,RB,SF,26.2,6.2846153846153845,5.395277777777778,0.8893376068376062,0.917,0.936,-1.967,-1.967,projected,2,1.58154142458381,1.58154142458381,projected
00-0039746,Will Shipley,RB,PHI,24.0,2.0520833333333335,5.395277777777778,-3.343194444444445,-3.343,0.783,-2.12,-2.12,projected,2,1.574953818950605,1.574953818950605,projected
00-0036894,Pat Freiermuth,TE,PIT,27.9,5.343680555555556,4.209742647058824,1.1339379084967325,1.112,4.911,1.622,1.622,projected,5,1.5735346400000003,1.5735346400000003,projected
00-0039147,Christian Gonzalez,CB,NE,24.2,7.869184027777778,8.14908088235294,-0.27989685457516256,-0.28,10.941,1.521,1.521,projected,3,1.5712538399999998,1.5712538399999998,projected
00-0034383,Dalton Schultz,TE,HOU,30.2,5.207368421052632,4.209742647058824,0.9976257739938079,0.909,5.044,1.755,1.755,projected,8,1.5685487999999999,1.5685487999999999,projected
00-0039137,Byron Young,IL,LA,28.5,7.508898026315789,5.966323529411765,1.5425744969040238,1.485,8.079,1.569,1.569,projected,3,1.54350375,1.54350375,projected
00-0031588,Stefon Diggs,WR,NE,32.8,8.194327380952382,4.975,3.2193273809523824,2.683,6.208,2.388,2.388,projected,11,1.5387316800000004,1.5387316800000004,projected
00-0034837,Calvin Ridley,WR,TEN,31.7,5.886722689075629,4.975,0.9117226890756296,0.79,6.009,2.189,2.189,projected,8,1.53643721,1.53643721,projected
00-0038551,Kendre Miller,RB,NO,24.3,4.109285714285715,5.395277777777778,-1.2859920634920634,-1.286,0.97,-1.932,-1.932,projected,3,1.5335691788382904,1.5335691788382904,projected
00-0035236,Byron Murphy,IL,MIN,28.7,7.4125,5.966323529411765,1.4461764705882345,1.383,8.032,1.522,1.522,projected,7,1.4873745,1.4873745,projected
00-0035229,T.J. Hockenson,TE,MIN,29.2,4.887636363636364,4.209742647058824,0.6778937165775405,0.638,4.887,1.599,1.599,projected,7,1.48220904,1.48220904,projected
00-0036388,Xavier McKinney,S,GB,27.1,9.05232843137255,8.14908088235294,0.9032475490196088,0.907,10.86,1.441,1.441,projected,6,1.43504867,1.43504867,projected
00-0036550,Rashod Bateman,WR,BAL,26.8,4.842499999999999,4.975,-0.13250000000000028,-0.133,5.318,1.497,1.497,projected,5,1.43436552,1.43436552,projected
00-0040749,Andrew Mukuba,S,PHI,23.8,6.1022727272727275,8.14908088235294,-2.046808155080213,-2.047,9.231,-0.188,-0.188,projected,1,1.4299457320520068,1.4299457320520068,projected
00-0039343,Kamari Lassiter,CB,HOU,23.6,8.929427083333334,8.14908088235294,0.780346200980393,0.866,10.204,0.785,0.785,projected,2,1.4211886999999996,1.4211886999999996,projected
00-0038397,Evan Hull,RB,NO,25.9,0.9166666666666666,5.395277777777778,-4.478611111111111,-4.479,,,-0.1299999999999999,rank_imputed,3,1.4107433653683026,1.4107433653683026,rank_imputed
00-0033886,T.J. Watt,EDR,PIT,31.9,8.983567708333332,5.966323529411765,3.017244178921567,2.596,8.25,1.74,1.74,projected,9,1.406355,1.406355,projected
00-0039798,Isaiah Davis,RB,NYJ,24.6,3.6496666666666666,5.395277777777778,-1.7456111111111117,-1.746,1.884,-1.019,-1.019,projected,2,1.4033996818420489,1.4033996818420489,projected
00-0036293,Jeremy Chinn,S,LV,28.6,9.479166666666668,8.14908088235294,1.3300857843137273,1.276,10.914,1.495,1.495,projected,6,1.3962104,1.3962104,projected
00-0040727,Tre Harris,WR,LAC,24.5,2.623529411764706,4.975,-2.3514705882352938,-2.351,3.82,0.0,0.0,projected,1,1.3850732743362835,1.3850732743362835,projected
00-0036883,Tommy Togiai,IL,HOU,27.0,5.935894097222222,5.966323529411765,-0.030429432189543526,-0.03,7.845,1.335,1.335,projected,5,1.3783874999999999,1.3783874999999999,projected
00-0038129,Cade Otton,TE,TB,27.4,5.0920000000000005,4.209742647058824,0.8822573529411768,0.878,4.56,1.271,1.271,projected,4,1.3253197929857818,1.3253197929857818,projected
00-0036564,Talanoa Hufanga,S,DEN,26.6,8.481578947368423,8.14908088235294,0.33249806501548207,0.339,10.722,1.303,1.303,projected,5,1.3245255599999997,1.3245255599999997,projected
00-0040736,Mason Taylor,TE,NYJ,22.4,3.6384615384615384,4.209742647058824,-0.5712811085972853,-0.571,3.093,-0.196,-0.196,projected,1,1.298287381497675,1.298287381497675,projected
00-0033526,Samaje Perine,RB,CIN,31.0,3.8890000000000002,5.395277777777778,-1.506277777777778,-1.506,4.293,1.391,1.391,projected,9,1.2498135,1.2498135,projected
00-0039924,Dallas Turner,EDR,MIN,23.6,6.171657754010695,5.966323529411765,0.20533422459893025,0.228,7.668,1.158,1.158,projected,2,1.2483239999999998,1.2483239999999998,projected
00-0036333,Alex Highsmith,EDR,PIT,29.1,8.219940476190477,5.966323529411765,2.2536169467787115,2.129,7.897,1.387,1.387,projected,6,1.24725975,1.24725975,projected
00-0031565,Danielle Hunter,EDR,HOU,31.9,9.417422385620915,5.966323529411765,3.45109885620915,2.97,8.037,1.527,1.527,projected,11,1.2341977499999999,1.2341977499999999,projected
00-0035357,Cam Lewis,S,BUF,29.4,5.1859375,8.14908088235294,-2.963143382352941,-2.963,10.765,1.346,1.346,projected,7,1.21258448,1.21258448,projected
00-0034790,Derwin James,S,LAC,30.1,9.485317095588234,8.14908088235294,1.3362362132352938,1.222,10.809,1.39,1.39,projected,8,1.2120383,1.2120383,projected
00-0038560,Jordan Battle,S,CIN,25.8,8.55122549019608,8.14908088235294,0.4021446078431392,0.42,10.556,1.137,1.137,projected,3,1.19334972,1.19334972,projected
00-0038982,Chamarri Conner,S,KC,26.2,9.186274509803921,8.14908088235294,1.0371936274509803,1.07,10.574,1.155,1.155,projected,3,1.1931612,1.1931612,projected
00-0037073,Jordan Davis,IL,PHI,26.7,5.554513888888889,5.966323529411765,-0.4118096405228764,-0.412,7.634,1.124,1.124,projected,4,1.1714890000000002,1.1714890000000002,projected
00-0032378,DeForest Buckner,IL,IND,32.5,8.236458333333333,5.966323529411765,2.270134803921568,1.913,7.854,1.344,1.344,projected,10,1.14744,1.14744,projected
00-0036411,Antoine Winfield Jr.,S,TB,28.1,9.056127450980393,8.14908088235294,0.907046568627452,0.884,10.621,1.202,1.202,projected,6,1.14739314,1.14739314,projected
00-0039111,Tuli Tuipulotu,EDR,LAC,24.0,7.704010416666667,5.966323529411765,1.7376868872549016,1.907,7.576,1.066,1.066,projected,3,1.13529,1.13529,projected
00-0038685,Chris Brooks,RB,GB,26.7,2.0055,5.395277777777778,-3.3897777777777782,-3.39,4.053,1.151,1.151,projected,3,1.13464429,1.13464429,projected
00-0040201,Marcus Harris,IL,TEN,25.5,4.45,5.966323529411765,-1.516323529411765,-1.516,7.555,1.045,1.045,projected,2,1.12990625,1.12990625,projected
00-0033908,Cooper Kupp,WR,SEA,33.3,6.3393421052631584,4.975,1.3643421052631588,1.117,5.645,1.825,1.825,projected,9,1.1282332500000003,1.1282332500000003,projected
00-0037809,Chig Okonkwo,TE,TEN,27.0,4.209742647058824,4.209742647058824,0.0,0.0,4.354,1.066,1.066,projected,4,1.1204390521327015,1.1204390521327015,projected
00-0036927,Pete Werner,LB,NO,27.3,7.404638009049773,7.5,-0.09536199095022724,-0.095,7.143,1.115,1.115,projected,5,1.09195295,1.09195295,projected
00-0039364,Sione Vaki,RB,DET,25.1,0.7324999999999999,5.395277777777778,-4.662777777777778,-4.663,0.458,-2.444,-2.444,projected,2,1.0798507272138038,1.0798507272138038,projected
00-0038454,Keaton Mitchell,RB,BAL,24.7,3.5404166666666663,5.395277777777778,-1.854861111111112,-1.855,3.945,1.043,1.043,projected,3,1.0705247699999998,1.0705247699999998,projected
00-0039890,Adonai Mitchell,WR,NYJ,23.9,3.024433823529412,4.975,-1.9505661764705877,-1.951,3.822,0.001,0.001,projected,2,1.00643372380531,1.00643372380531,projected
00-0037291,Jalen Nailor,WR,MIN,27.5,4.600257352941177,4.975,-0.3747426470588229,-0.375,4.816,0.996,0.996,projected,4,0.9887310566371681,0.9887310566371681,projected
00-0034975,Justice Hill,RB,BAL,28.8,5.414901960784315,5.395277777777778,0.019624183006536455,0.019,3.95,1.048,1.048,projected,7,0.98843168,0.98843168,projected
00-0039872,Cole Bishop,S,BUF,23.9,7.569791666666666,8.14908088235294,-0.5792892156862743,-0.579,9.814,0.395,0.395,projected,2,0.9880718499999999,0.9880718499999999,projected
00-0039852,Jared Verse,EDR,LA,25.9,7.089473684210526,5.966323529411765,1.1231501547987612,1.169,7.489,0.979,0.979,projected,2,0.98218175,0.98218175,projected
00-0036220,Derrick Brown,IL,CAR,28.4,5.165808823529412,5.966323529411765,-0.8005147058823532,-0.801,7.492,0.982,0.982,projected,6,0.969234,0.969234,projected
00-0040584,Gunnar Helm,TE,TEN,24.0,3.25625,4.209742647058824,-0.9534926470588236,-0.953,3.289,0.0,0.0,projected,1,0.9498847393364929,0.9498847393364929,projected
00-0031610,Darren Waller,TE,MIA,34.0,8.3875,4.209742647058824,4.177757352941176,3.332,4.524,1.235,1.235,projected,11,0.9479860000000001,0.9479860000000001,projected
00-0038554,Ji'Ayir Brown,S,SF,26.6,6.746139705882353,8.14908088235294,-1.4029411764705877,-1.403,10.31,0.891,0.891,projected,3,0.9057193199999999,0.9057193199999999,projected
00-0039880,Malik Washington,WR,MIA,25.9,3.6506372549019606,4.975,-1.324362745098039,-1.324,4.312,0.492,0.492,projected,2,0.8717257263716814,0.8717257263716814,projected
00-0039860,Kool-Aid McKinstry,CB,NO,24.0,7.214583333333334,8.14908088235294,-0.934497549019607,-0.934,9.68,0.261,0.261,projected,2,0.8646792999999999,0.8646792999999999,projected
00-0036893,Najee Harris,RB,LAC,28.5,5.395277777777778,5.395277777777778,0.0,0.0,3.81,0.907,0.907,projected,5,0.8609697500000001,0.8609697500000001,projected
00-0040747,Benjamin Morrison,CB,TB,22.5,5.15625,8.14908088235294,-2.9928308823529406,-2.993,8.504,-0.915,-0.915,projected,1,0.8548322229775664,0.8548322229775664,projected
00-0037249,Nik Bonitto,EDR,DEN,27.0,8.215972222222222,5.966323529411765,2.2496486928104567,2.267,7.358,0.849,0.849,projected,4,0.8214075,0.8214075,projected
00-0040669,Isaac TeSlaa,WR,DET,24.6,4.392857142857143,4.975,-0.5821428571428564,-0.582,3.306,-0.514,-0.514,projected,1,0.8067085038507062,0.8067085038507062,projected
00-0030279,Keenan Allen,WR,LAC,34.4,6.803222222222223,4.975,1.828222222222223,1.436,5.254,1.434,1.434,projected,13,0.8040151200000001,0.8040151200000001,projected
00-0037841,Quentin Lake,S,LA,27.6,9.373611111111112,8.14908088235294,1.2245302287581712,1.212,10.241,0.822,0.822,projected,4,0.80163084,0.80163084,projected
00-0040729,Jack Bech,WR,LV,23.7,2.0333333333333337,4.975,-2.941666666666666,-2.942,3.181,-0.639,-0.639,projected,1,0.7937521524617875,0.7937521524617875,projected
00-0039796,Rasheen Ali,RB,BAL,25.6,1.5793750000000002,5.395277777777778,-3.815902777777778,-3.816,1.066,-1.836,-1.836,projected,2,0.781828239495298,0.781828239495298,projected
00-0039868,Troy Franklin,WR,DEN,23.6,5.406764705882353,4.975,0.4317647058823537,0.479,3.826,0.005,0.005,projected,2,0.7736700778761062,0.7736700778761062,projected
00-0034829,Mike Gesicki,TE,CIN,31.0,4.2802083333333325,4.209742647058824,0.07046568627450878,0.063,4.181,0.892,0.892,projected,8,0.7735424,0.7735424,projected
00-0035763,Malcolm Roach,IL,DEN,28.3,4.8581473214285715,5.966323529411765,-1.1081762079831936,-1.108,7.278,0.769,0.769,projected,6,0.7615022499999999,0.7615022499999999,projected
00-0035230,Ed Oliver,IL,BUF,28.8,10.352083333333333,5.966323529411765,4.385759803921568,4.182,7.287,0.777,0.777,projected,7,0.756798,0.756798,projected
00-0039841,Cooper DeJean,DB,PHI,23.6,8.830124080882353,8.14908088235294,0.6810431985294123,0.756,9.804,0.385,,none,,,0.756,trailing
00-0036259,Jauan Jennings,WR,SF,29.2,8.397156862745097,4.975,3.422156862745098,3.222,4.716,0.896,0.896,projected,6,0.7460454400000001,0.7460454400000001,projected
00-0039342,Xavier Legette,WR,CAR,25.6,4.2340625,4.975,-0.7409374999999994,-0.741,3.452,-0.369,-0.369,projected,2,0.7400466073876104,0.7400466073876104,projected
00-0036224,Jonathan Greenard,EDR,MIN,29.3,6.776909722222221,5.966323529411765,0.8105861928104563,0.761,7.306,0.796,0.796,projected,6,0.710629,0.710629,projected
00-0036962,Tre'von Moehrig,S,CAR,27.3,8.936029411764707,8.14908088235294,0.7869485294117666,0.786,10.133,0.714,0.714,projected,5,0.70515354,0.70515354,projected
00-0040170,Elic Ayomanor,WR,TEN,23.3,4.975,4.975,0.0,0.0,3.647,-0.174,-0.174,projected,1,0.6935762706762183,0.6935762706762183,projected
00-0035647,Montez Sweat,EDR,CHI,30.0,6.23734649122807,5.966323529411765,0.27102296181630514,0.249,7.301,0.791,0.791,projected,7,0.6881700000000001,0.6881700000000001,projected
00-0035537,Ty Johnson,RB,BUF,29.0,4.505779411764706,5.395277777777778,-0.889498366013072,-0.889,3.632,0.73,0.73,projected,7,0.685543,0.685543,projected
00-0032889,A'Shawn Robinson,IL,CAR,31.5,5.75603298611111,5.966323529411765,-0.21029054330065478,-0.21,7.278,0.768,0.768,projected,10,0.68064,0.68064,projected
00-0036130,Nnamdi Madubuike,IL,BAL,28.8,7.646052631578948,5.966323529411765,1.6797291021671832,1.602,7.197,0.687,0.687,projected,6,0.669138,0.669138,projected
00-0039232,Nate Wiggins,CB,BAL,23.1,6.809558823529412,8.14908088235294,-1.3395220588235288,-1.34,9.46,0.041,0.041,projected,2,0.6665172699999998,0.6665172699999998,projected
00-0037596,Jack Gibbens,LB,NE,27.8,7.3097619047619045,7.5,-0.19023809523809554,-0.19,6.67,0.642,0.642,projected,4,0.62362596,0.62362596,projected
00-0037268,Zyon McCollum,CB,TB,27.4,7.949305555555554,8.14908088235294,-0.1997753267973863,-0.2,10.104,0.685,0.685,projected,4,0.6171028000000001,0.6171028000000001,projected
00-0040709,Maxwell Hairston,CB,BUF,23.1,4.9375,8.14908088235294,-3.2115808823529406,-3.212,8.056,-1.363,-1.363,projected,1,0.6030725407289956,0.6030725407289956,projected
00-0031040,Khalil Mack,EDR,LAC,35.6,6.37109375,5.966323529411765,0.40477022058823486,0.303,7.38,0.87,0.87,projected,12,0.59856,0.59856,projected
00-0033381,Adam Butler,IL,LV,32.4,4.713984375000001,5.966323529411765,-1.2523391544117644,-1.252,7.199,0.69,0.69,projected,9,0.5913299999999999,0.5913299999999999,projected
00-0040677,Abdul Carter,EDR,NYG,22.7,5.473214285714286,5.966323529411765,-0.49310924369747955,-0.493,7.04,0.531,0.531,projected,1,0.58794975,0.58794975,projected
00-0033038,Eric Murray,S,JAX,32.7,7.3180555555555555,8.14908088235294,-0.831025326797385,-0.831,10.177,0.758,0.758,projected,10,0.5795592199999999,0.5795592199999999,projected
00-0038386,Jalen Carter,IL,PHI,25.5,6.036666666666667,5.966323529411765,0.07034313725490193,0.074,7.045,0.536,0.536,projected,3,0.57955,0.57955,projected
00-0040751,Will Johnson,CB,ARI,23.5,5.7727272727272725,8.14908088235294,-2.376353609625668,-2.376,8.188,-1.231,-1.231,projected,1,0.5712117142991664,0.5712117142991664,projected
00-0033935,Trey Hendrickson,EDR,CIN,31.8,6.9159138655462185,5.966323529411765,0.9495903361344533,0.82,7.21,0.7,0.7,projected,9,0.5680499999999999,0.5680499999999999,projected
00-0036321,Chase Young,EDR,NO,27.4,7.932916666666667,5.966323529411765,1.9665931372549021,1.958,7.088,0.579,0.579,projected,6,0.5526555,0.5526555,projected
00-0040208,Tahj Brooks,RB,CIN,24.3,0.9166666666666666,5.395277777777778,-4.478611111111111,-4.479,0.892,-2.011,-2.011,projected,1,0.5338445231075581,0.5338445231075581,projected
00-0035145,Austin Seibert,K,WAS,29.8,12.777777777777779,9.225,3.552777777777779,0.533,,,,none,,,0.533,trailing
00-0035632,Amani Hooker,S,TEN,28.3,8.08203125,8.14908088235294,-0.06704963235294059,-0.067,9.981,0.562,0.562,projected,7,0.53182622,0.53182622,projected
00-0040078,Brashard Smith,RB,KC,23.4,2.6533333333333333,5.395277777777778,-2.741944444444445,-2.742,2.15,-0.752,-0.752,projected,1,0.5292207161990161,0.5292207161990161,projected
00-0036932,Micah Parsons,OLB,GB,27.3,8.033138736263737,7.5,0.5331387362637372,0.532,6.564,0.536,0.536,projected,5,0.52492088,0.52492088,projected
00-0039112,Lukas Van Ness,EDR,GB,25.2,4.995337301587301,5.966323529411765,-0.9709862278244641,-0.971,6.97,0.46,0.46,projected,3,0.47196000000000005,0.47196000000000005,projected
00-0040134,Pat Bryant,WR,DEN,23.8,3.628571428571429,4.975,-1.3464285714285706,-1.346,2.941,-0.879,-0.879,projected,1,0.4694318779560098,0.4694318779560098,projected
00-0034675,Jessie Bates,S,ATL,29.6,9.098529411764707,8.14908088235294,0.9494485294117663,0.883,9.926,0.506,0.506,projected,8,0.45166572,0.45166572,projected
00-0033132,Kevin Byard,S,CHI,33.1,9.389667182662539,8.14908088235294,1.240586300309598,1.023,10.018,0.599,0.599,projected,10,0.4480939299999999,0.4480939299999999,projected
00-0040205,Kalel Mullings,RB,TEN,24.0,0.23333333333333336,5.395277777777778,-5.161944444444445,-5.162,,,-2.2973999999999997,rank_imputed,1,0.4463152488948685,0.4463152488948685,rank_imputed
00-0040643,Jonas Sanker,S,NO,24.8,7.125,8.14908088235294,-1.0240808823529406,-1.024,8.41,-1.009,-1.009,projected,1,0.4379417102102928,0.4379417102102928,projected
00-0036261,Brandon Aiyuk,WR,SF,28.5,5.7,4.975,0.7250000000000005,0.698,,,0.5035000000000052,rank_imputed,6,0.43766737500000447,0.43766737500000447,rank_imputed
00-0035705,Jalen Thompson,S,ARI,28.2,8.309166666666666,8.14908088235294,0.16008578431372555,0.156,9.879,0.46,0.46,projected,7,0.43720240000000005,0.43720240000000005,projected
00-0038797,Emanuel Wilson,RB,GB,27.4,4.726323529411765,5.395277777777778,-0.6689542483660134,-0.669,3.346,0.443,0.443,projected,3,0.43040994,0.43040994,projected
00-0040705,Chimere Dike,WR,TEN,24.8,4.111764705882353,4.975,-0.8632352941176462,-0.863,3.124,-0.696,-0.696,projected,1,0.41094497382504125,0.41094497382504125,projected
00-0027969,Cameron Heyward,IL,PIT,37.4,7.228962418300654,5.966323529411765,1.2626388888888886,0.884,7.098,0.588,0.588,projected,15,0.40836600000000006,0.40836600000000006,projected
00-0032726,Ka'imi Fairbairn,K,HOU,32.6,11.915686274509802,9.225,2.690686274509803,0.404,,,,none,,,0.404,trailing
00-0033885,David Njoku,TE,CLE,30.2,6.109545454545454,4.209742647058824,1.8998028074866307,1.732,3.74,0.451,0.451,projected,9,0.40308576,0.40308576,projected
00-0033897,Joe Mixon,RB,HOU,30.1,15.01875,5.395277777777778,9.623472222222222,8.801,,,0.43900000000000183,rank_imputed,9,0.4024620300000017,0.4024620300000017,rank_imputed
00-0036914,Greg Rousseau,EDR,BUF,26.4,6.305756578947368,5.966323529411765,0.3394330495356028,0.348,6.913,0.403,0.403,projected,5,0.3977610000000001,0.3977610000000001,projected
00-0034800,B.J. Hill,IL,CIN,31.4,5.312205882352941,5.966323529411765,-0.6541176470588237,-0.654,6.955,0.445,0.445,projected,8,0.39582750000000005,0.39582750000000005,projected
00-0033881,Evan Engram,TE,DEN,32.0,3.9497222222222224,4.209742647058824,-0.26002042483660137,-0.26,3.755,0.466,0.466,projected,9,0.388644,0.388644,projected
00-0035718,Quinnen Williams,IL,DAL,28.7,5.542890625,5.966323529411765,-0.42343290441176507,-0.423,6.886,0.376,0.376,projected,7,0.36744600000000005,0.36744600000000005,projected
00-0034384,D.J. Reed,CB,DET,29.8,7.444318181818183,8.14908088235294,-0.7047627005347579,-0.705,9.857,0.438,0.438,projected,8,0.35117087999999996,0.35117087999999996,projected
00-0039066,Michael Mayer,TE,LV,25.2,2.800265151515152,4.209742647058824,-1.4094774955436717,-1.409,3.04,-0.248,-0.248,projected,3,0.3394425711696504,0.3394425711696504,projected
00-0035642,Josh Hines-Allen,EDR,JAX,29.2,6.482536764705882,5.966323529411765,0.5162132352941171,0.486,6.888,0.378,0.378,projected,7,0.338688,0.338688,projected
00-0038715,Ronnie Hickman Jr.,S,CLE,24.9,6.816973039215687,8.14908088235294,-1.332107843137254,-1.332,9.728,0.309,0.309,projected,3,0.33579957,0.33579957,projected
00-0039840,Austin Booker,EDR,CHI,23.8,5.165224358974359,5.966323529411765,-0.8010991704374062,-0.801,6.816,0.306,0.306,projected,2,0.327879,0.327879,projected
00-0039813,Evan Williams,S,GB,25.1,8.002720588235293,8.14908088235294,-0.14636029411764717,-0.146,9.326,-0.093,-0.093,projected,2,0.319766725082756,0.319766725082756,projected
00-0037663,Jermaine Johnson II,EDR,NYJ,27.7,4.073214285714286,5.966323529411765,-1.893109243697479,-1.893,6.833,0.323,0.323,projected,4,0.30515425,0.30515425,projected
00-0037692,Brandon Aubrey,K,DAL,31.5,11.258823529411764,9.225,2.033823529411764,0.305,,,,none,,,0.305,trailing
00-0036285,A.J. Terrell,CB,ATL,28.0,7.219166666666666,8.14908088235294,-0.9299142156862743,-0.93,9.742,0.323,0.323,projected,6,0.2829803,0.2829803,projected
00-0038618,Xavier Hutchinson,WR,HOU,26.3,3.1390277777777786,4.975,-1.835972222222221,-1.836,3.927,0.107,0.107,projected,3,0.27179479831858405,0.27179479831858405,projected
00-0034789,Minkah Fitzpatrick,S,MIA,29.8,8.536507936507936,8.14908088235294,0.3874270541549958,0.358,9.719,0.3,0.3,projected,8,0.265308,0.265308,projected
00-0035402,Carl Granderson,EDR,NO,29.7,6.317417279411765,5.966323529411765,0.35109374999999954,0.325,6.807,0.297,0.297,projected,7,0.26128575,0.26128575,projected
00-0037666,Jalen Tolbert,WR,DAL,27.6,3.88192513368984,4.975,-1.0930748663101597,-1.093,3.902,0.081,0.081,projected,4,0.2463649288495575,0.2463649288495575,projected
00-0038393,Dontayvion Wicks,WR,GB,25.3,3.985833333333334,4.975,-0.9891666666666659,-0.989,3.749,-0.071,-0.071,projected,3,0.23055742156124467,0.23055742156124467,projected
00-0036916,Milton Williams,IL,NE,27.4,5.07890037593985,5.966323529411765,-0.8874231534719152,-0.887,6.733,0.223,0.223,projected,5,0.2273485,0.2273485,projected
00-0036937,Paulson Adebo,CB,NYG,27.2,10.892708333333333,8.14908088235294,2.7436274509803926,2.748,9.665,0.246,0.246,projected,5,0.22364844,0.22364844,projected
00-0040530,Ben Sauls,K,NYG,25.1,10.666666666666666,9.225,1.4416666666666664,0.216,,,,none,,,0.216,trailing
00-0031492,Jason Myers,K,SEA,35.3,10.64985294117647,9.225,1.4248529411764697,0.214,,,,none,,,0.214,trailing
00-0037235,Travon Walker,EDR,JAX,25.7,5.966323529411765,5.966323529411765,0.0,0.0,6.712,0.202,0.202,projected,4,0.2039695,0.2039695,projected
00-0040143,Jacob Parrish,CB,TB,22.5,8.09375,8.14908088235294,-0.05533088235294059,-0.055,8.06,-1.359,-1.359,projected,1,0.20248490822569698,0.20248490822569698,projected
00-0036998,Jevon Holland,S,NYG,26.5,6.520833333333333,8.14908088235294,-1.6282475490196076,-1.628,9.607,0.188,0.188,projected,5,0.1918822,0.1918822,projected
00-0039424,Devaughn Vele,WR,NO,28.8,4.903333333333332,4.975,-0.07166666666666721,-0.072,3.885,0.065,0.065,projected,2,0.18910830265486728,0.18910830265486728,projected
00-0036244,Colby Parkinson,TE,LA,27.7,5.253823529411765,4.209742647058824,1.044080882352941,1.03,3.482,0.193,0.193,projected,6,0.18851468000000002,0.18851468000000002,projected
00-0038765,Ty Okada,S,SEA,27.3,5.129296875,8.14908088235294,-3.019784007352941,-3.02,9.607,0.188,0.188,projected,3,0.18567068,0.18567068,projected
00-0038778,Jalen Redmond,IL,MIN,27.5,5.35153743315508,5.966323529411765,-0.6147860962566849,-0.615,6.68,0.17,0.17,projected,3,0.17276250000000004,0.17276250000000004,projected
00-0038976,Marvin Mims Jr.,WR,DEN,24.5,4.836764705882353,4.975,-0.13823529411764657,-0.138,3.386,-0.434,-0.434,projected,3,0.1723189060011972,0.1723189060011972,projected
00-0036677,Zayne Anderson,S,GB,29.7,3.589583333333333,8.14908088235294,-4.559497549019607,-4.559,9.61,0.191,0.191,projected,5,0.16970159,0.16970159,projected
00-0039847,Theo Johnson,TE,NYG,25.6,5.253000000000001,4.209742647058824,1.0432573529411773,1.095,2.706,-0.582,-0.582,projected,2,0.157511469947911,0.157511469947911,projected
00-0040202,Devin Neal,RB,NO,23.1,4.966666666666667,5.395277777777778,-0.4286111111111115,-0.429,0.101,-2.801,-2.801,projected,1,0.15728720919470707,0.15728720919470707,projected
00-0039838,Calen Bullock,S,HOU,23.4,6.8007309941520475,8.14908088235294,-1.348349888200893,-1.348,9.024,-0.395,-0.395,projected,2,0.15032703276804676,0.15032703276804676,projected
00-0036221,Brandon Jones,S,DEN,28.5,8.716228991596639,8.14908088235294,0.5671481092436981,0.546,9.577,0.158,0.158,projected,6,0.1482119,0.1482119,projected
00-0040685,Mason Graham,IL,CLE,23.0,4.3359375,5.966323529411765,-1.6303860294117651,-1.63,6.625,0.115,0.115,projected,1,0.13368750000000001,0.13368750000000001,projected
00-0035253,C.J. Gardner-Johnson,CB,CHI,28.7,8.2578007518797,8.14908088235294,0.10871986952675883,0.104,9.576,0.156,0.156,projected,7,0.13216164,0.13216164,projected
00-0034760,Nathan Shepherd,IL,NO,32.9,3.909765625,5.966323529411765,-2.0565579044117652,-2.057,6.655,0.145,0.145,projected,8,0.12190875000000001,0.12190875000000001,projected
00-0039229,Charlie Smyth,K,NO,25.2,10.0,9.225,0.7750000000000004,0.116,,,,none,,,0.116,trailing
00-0039404,Will Reichard,K,MIN,25.7,9.85,9.225,0.625,0.094,,,,none,,,0.094,trailing
00-0037130,Reed Blankenship,S,PHI,27.5,7.591486068111454,8.14908088235294,-0.5575948142414866,-0.558,9.514,0.095,0.095,projected,4,0.09303824999999999,0.09303824999999999,projected
00-0037224,Cameron Dicker,K,LAC,26.4,9.844444444444445,9.225,0.6194444444444454,0.093,,,,none,,,0.093,trailing
00-0039169,Devon Witherspoon,CB,SEA,25.8,9.002622549019607,8.14908088235294,0.8535416666666666,0.891,9.508,0.089,0.089,projected,3,0.08605943999999999,0.08605943999999999,projected
00-0039360,Malik Mustapha,S,SF,24.2,7.6276785714285715,8.14908088235294,-0.5214023109243691,-0.521,9.1,-0.319,-0.319,projected,2,0.08576546914775368,0.08576546914775368,projected
00-0038558,Darnell Washington,TE,PIT,25.1,2.8475,4.209742647058824,-1.3622426470588236,-1.362,2.924,-0.365,-0.365,projected,3,0.08444436327815785,0.08444436327815785,projected
00-0031933,Leonard Williams,IL,SEA,32.2,7.2508333333333335,5.966323529411765,1.2845098039215683,1.094,6.604,0.094,0.094,projected,11,0.08116899999999999,0.08116899999999999,projected
00-0034794,Jason Sanders,K,MIA,30.8,9.764705882352942,9.225,0.5397058823529424,0.081,,,,none,,,0.081,trailing
00-0033862,Zane Gonzalez,K,ATL,31.4,9.733333333333334,9.225,0.5083333333333346,0.076,,,,none,,,0.076,trailing
00-0031583,Grady Jarrett,IL,CHI,33.4,4.336948529411765,5.966323529411765,-1.6293750000000005,-1.629,6.6,0.09,0.09,projected,11,0.074205,0.074205,projected
00-0037193,Bryan Cook,S,KC,27.0,6.825468750000001,8.14908088235294,-1.32361213235294,-1.324,9.49,0.071,0.071,projected,4,0.071,0.071,projected
00-0039576,Spencer Shrader,K,IND,27.3,9.685,9.225,0.46000000000000085,0.069,,,,none,,,0.069,trailing
00-0039068,Yaya Diaby,EDR,TB,27.3,5.836029411764706,5.966323529411765,-0.13029411764705934,-0.13,6.582,0.072,0.072,projected,3,0.06895799999999999,0.06895799999999999,projected
00-0033055,Jalen Ramsey,CB,PIT,31.9,7.213439542483661,8.14908088235294,-0.9356413398692798,-0.936,9.502,0.083,0.083,projected,10,0.05934749000000001,0.05934749000000001,projected
00-0039498,Harrison Mevis,K,LA,24.5,9.583333333333334,9.225,0.3583333333333343,0.054,,,,none,,,0.054,trailing
00-0033040,Tyreek Hill,WR,MIA,32.5,8.613970588235293,4.975,3.638970588235294,3.066,,,0.07299999999999995,rank_imputed,10,0.048183649999999974,0.048183649999999974,rank_imputed
00-0038562,Jake Moody,K,WAS,26.8,9.53125,9.225,0.30625000000000036,0.046,,,,none,,,0.046,trailing
00-0031411,DeMarcus Lawrence,EDR,SEA,34.4,7.711019736842105,5.966323529411765,1.7446962074303398,1.37,6.573,0.063,0.063,projected,12,0.04580100000000001,0.04580100000000001,projected
00-0034778,Carlton Davis III,CB,NE,29.7,7.182403846153846,8.14908088235294,-0.9666770361990942,-0.967,9.47,0.051,0.051,projected,8,0.04110039,0.04110039,projected
00-0031136,Chris Boswell,K,PIT,35.5,9.458333333333334,9.225,0.23333333333333428,0.035,,,,none,,,0.035,trailing
00-0035689,Dawson Knox,TE,BUF,29.8,3.6580555555555554,4.209742647058824,-0.5516870915032683,-0.552,3.327,0.038,0.038,projected,7,0.034467519999999995,0.034467519999999995,projected
00-0037075,Devonte Wyatt,IL,GB,28.5,5.623958333333333,5.966323529411765,-0.34236519607843174,-0.342,6.542,0.032,0.032,projected,4,0.03148,0.03148,projected
00-0040648,Tory Horton,WR,SEA,23.8,6.771428571428572,4.975,1.7964285714285726,1.982,3.131,-0.69,-0.69,projected,1,0.026636386120894584,0.026636386120894584,projected
00-0035358,Chase McLaughlin,K,TB,30.4,9.386274509803922,9.225,0.16127450980392233,0.024,,,,none,,,0.024,trailing
00-0037741,Jahan Dotson,WR,PHI,26.5,2.2695833333333333,4.975,-2.7054166666666664,-2.705,3.606,-0.214,-0.214,projected,4,0.023263897976328718,0.023263897976328718,projected
00-0037246,Jalen Pitre,S,HOU,27.3,8.582291666666666,8.14908088235294,0.43321078431372584,0.433,9.443,0.023,0.023,projected,4,0.02271503,0.02271503,projected
00-0038104,Tyquan Thornton,WR,KC,26.1,4.21034090909091,4.975,-0.76465909090909,-0.765,3.632,-0.189,-0.189,projected,4,0.01951571365320262,0.01951571365320262,projected
00-0036231,Kyle Dugger,S,PIT,30.5,6.9794683257918555,8.14908088235294,-1.169612556561085,-1.17,,,0.02200000000000052,rank_imputed,6,0.018819900000000445,0.018819900000000445,rank_imputed
00-0039901,Keon Coleman,WR,BUF,23.3,5.5051339285714285,4.975,0.5301339285714288,0.593,2.586,-1.235,-1.235,projected,2,0.014305212807427692,0.014305212807427692,projected
00-0035240,Jahlani Tavai,LB,NE,30.0,5.237362132352941,7.5,-2.262637867647059,-2.263,6.028,0.0,0.0,projected,7,0.0,0.0,projected
00-0036212,Tua Tagovailoa,QB,MIA,28.5,12.768454545454546,12.743431372549018,0.025023172905527247,0.024,9.454,0.0,0.0,projected,6,0.0,0.0,projected
00-0039886,T'Vondre Sweat,IL,TEN,25.2,4.136060606060607,5.966323529411765,-1.8302629233511585,-1.83,6.51,0.0,0.0,projected,2,0.0,0.0,projected
00-0037542,John Parker Romo,K,ATL,29.1,9.225,9.225,0.0,0.0,,,,none,,,0.0,trailing
00-0039409,Cam Little,K,JAX,23.1,9.208823529411765,9.225,-0.016176470588234793,-0.002,,,,none,,,-0.002,trailing
00-0038541,Tyree Wilson,IL,LV,26.3,5.078589743589744,5.966323529411765,-0.8877337858220216,-0.888,,,-0.013500000000000012,rank_imputed,3,-0.012793176972281462,-0.012793176972281462,rank_imputed
00-0039345,Renardo Green,CB,SF,25.9,6.29453125,8.14908088235294,-1.8545496323529402,-1.855,8.888,-0.531,-0.531,projected,2,-0.019499226239315437,-0.019499226239315437,projected
00-0039172,Jake Bates,K,DET,27.5,9.07843137254902,9.225,-0.14656862745098032,-0.022,,,,none,,,-0.022,trailing
00-0038619,Andrei Iosivas,WR,CIN,26.9,4.4101372549019615,4.975,-0.5648627450980381,-0.565,3.626,-0.194,-0.194,projected,3,-0.03936882930141217,-0.03936882930141217,projected
00-0040156,Billy Bowman Jr.,CB,ATL,23.7,7.958333333333333,8.14908088235294,-0.19074754901960755,-0.191,8.149,-1.27,-1.27,projected,1,-0.04398808283271172,-0.04398808283271172,projected
00-0040739,Elijah Arroyo,TE,SEA,23.4,1.8000000000000003,4.209742647058824,-2.4097426470588235,-2.41,1.647,-1.642,-1.642,projected,1,-0.052311199125962604,-0.052311199125962604,projected
00-0038402,Anders Carlson,K,NYJ,28.3,8.857142857142858,9.225,-0.367857142857142,-0.055,,,,none,,,-0.055,trailing
00-0036162,Tyler Bass,K,BUF,29.6,8.8,9.225,-0.42499999999999893,-0.064,,,,none,,,-0.064,trailing
00-0040152,Upton Stout,CB,SF,24.7,6.763888888888889,8.14908088235294,-1.3851919934640513,-1.385,8.028,-1.391,-1.391,projected,1,-0.06777643200742789,-0.06777643200742789,projected
00-0039423,Jonah Laulu,IL,LV,26.2,4.420588235294118,5.966323529411765,-1.5457352941176472,-1.546,6.438,-0.072,-0.072,projected,2,-0.0680207841284837,-0.0680207841284837,projected
00-0036854,Evan McPherson,K,CIN,27.2,8.678333333333333,9.225,-0.5466666666666669,-0.082,,,,none,,,-0.082,trailing
00-0039340,Laiatu Latu,EDR,IND,25.7,6.19921875,5.966323529411765,0.23289522058823486,0.244,6.425,-0.085,-0.085,projected,2,-0.08417925229017084,-0.08417925229017084,projected
00-0033303,Harrison Butker,K,KC,31.2,8.622058823529413,9.225,-0.602941176470587,-0.09,,,,none,,,-0.09,trailing
00-0034333,Daron Payne,IL,WAS,29.3,5.480514705882353,5.966323529411765,-0.48580882352941224,-0.486,6.421,-0.088,-0.088,projected,8,-0.09188201513965022,-0.09188201513965022,projected
00-0034974,Julian Love,S,SEA,28.5,8.425882352941176,8.14908088235294,0.2768014705882358,0.266,9.329,-0.09,-0.09,projected,7,-0.09594371302169392,-0.09594371302169392,projected
00-0040074,Tyler Loop,K,BAL,25.1,8.470588235294118,9.225,-0.7544117647058819,-0.113,,,,none,,,-0.113,trailing
00-0034173,Eddy Pineiro,K,SF,31.0,8.459191176470588,9.225,-0.7658088235294116,-0.115,,,,none,,,-0.115,trailing
00-0039649,Brayden Narveson,K,TEN,27.0,8.428571428571429,9.225,-0.7964285714285708,-0.119,,,,none,,,-0.119,trailing
00-0038121,Alontae Taylor,CB,NO,27.8,8.970955882352943,8.14908088235294,0.8218750000000021,0.808,9.312,-0.107,-0.107,projected,4,-0.12099145144511286,-0.12099145144511286,projected
00-0031364,Jadeveon Clowney,EDR,DAL,33.6,7.410657051282051,5.966323529411765,1.444333521870286,1.169,6.416,-0.094,-0.094,projected,12,-0.12483399734395752,-0.12483399734395752,projected
00-0030061,Zach Ertz,TE,WAS,35.8,6.305250000000001,4.209742647058824,2.095507352941177,1.558,,,-0.08850000000000446,rank_imputed,13,-0.12502825497288153,-0.12502825497288153,rank_imputed
00-0031203,Cairo Santos,K,CHI,34.8,8.378492647058824,9.225,-0.8465073529411757,-0.127,,,,none,,,-0.127,trailing
00-0035192,Joey Slye,K,TEN,30.4,8.341176470588236,9.225,-0.8838235294117638,-0.133,,,,none,,,-0.133,trailing
00-0038567,Chad Ryland,K,ARI,26.9,8.335972850678733,9.225,-0.8890271493212669,-0.133,,,,none,,,-0.133,trailing
00-0032569,Wil Lutz,K,DEN,32.2,8.330555555555556,9.225,-0.8944444444444439,-0.134,,,,none,,,-0.134,trailing
00-0034450,Greg Joseph,K,LV,32.1,8.25,9.225,-0.9749999999999996,-0.146,,,,none,,,-0.146,trailing
00-0036335,D.J. Wonnum,EDR,CAR,28.9,5.723621323529412,5.966323529411765,-0.24270220588235336,-0.243,6.374,-0.136,-0.136,projected,6,-0.1501518078940105,-0.1501518078940105,projected
00-0037563,Malik Davis,RB,DAL,27.8,4.311111111111112,5.395277777777778,-1.0841666666666665,-1.084,2.757,-0.145,-0.145,projected,4,-0.15049924231415937,-0.15049924231415937,projected
00-0031236,Brandin Cooks,WR,BUF,33.0,3.2896666666666667,4.975,-1.685333333333333,-1.685,3.721,-0.1,-0.1,projected,12,-0.15775358889414734,-0.15775358889414734,projected
00-0029597,Justin Tucker,K,BAL,36.8,8.157894736842104,9.225,-1.0671052631578952,-0.16,,,,none,,,-0.16,trailing
00-0038905,Blake Grupe,K,IND,27.9,8.146875,9.225,-1.078125,-0.162,,,,none,,,-0.162,trailing
00-0029822,Brandon McManus,K,GB,35.1,8.030833333333334,9.225,-1.194166666666666,-0.179,,,,none,,,-0.179,trailing
00-0023853,Matt Prater,K,BUF,42.1,8.011029411764707,9.225,-1.2139705882352931,-0.182,,,,none,,,-0.182,trailing
00-0040200,Andy Borregales,K,NE,23.7,8.0,9.225,-1.2249999999999996,-0.184,,,,none,,,-0.184,trailing
00-0035269,Matt Gay,K,SF,32.5,7.969791666666666,9.225,-1.255208333333334,-0.188,,,,none,,,-0.188,trailing
00-0037192,George Karlaftis,EDR,KC,25.5,5.7974342105263155,5.966323529411765,-0.16888931888544967,-0.169,6.318,-0.192,-0.192,projected,4,-0.18892988929889298,-0.18892988929889298,projected
00-0038621,DeMario Douglas,WR,NE,25.8,4.6104375,4.975,-0.3645624999999999,-0.365,3.475,-0.345,-0.345,projected,3,-0.18926724032636325,-0.18926724032636325,projected
00-0038941,Tyler Scott,WR,LA,24.9,0.6,4.975,-4.375,-4.375,,,-0.6031428571428565,rank_imputed,3,-0.19670760503576828,-0.19670760503576828,rank_imputed
00-0025565,Nick Folk,K,NYJ,41.9,7.859375,9.225,-1.3656249999999996,-0.205,,,,none,,,-0.205,trailing
00-0034084,Mike Badgley,K,BUF,31.1,7.75,9.225,-1.4749999999999996,-0.221,,,,none,,,-0.221,trailing
00-0035286,Cole Holcomb,LB,PIT,30.1,4.431818181818182,7.5,-3.0681818181818183,-3.068,5.815,-0.213,-0.213,projected,7,-0.22785378847038437,-0.22785378847038437,projected
00-0038152,Lucas Havrisik,K,GB,27.0,7.666666666666667,9.225,-1.5583333333333327,-0.234,,,,none,,,-0.234,trailing
00-0038097,Cade York,K,NO,25.6,7.666666666666667,9.225,-1.5583333333333327,-0.234,,,,none,,,-0.234,trailing
00-0036253,Julian Blackmon,S,NO,28.1,8.899609375,8.14908088235294,0.7505284926470601,0.731,9.192,-0.227,-0.227,projected,6,-0.23780340886472445,-0.23780340886472445,projected
00-0033787,Jake Elliott,K,PHI,31.7,7.627777777777778,9.225,-1.5972222222222214,-0.24,,,,none,,,-0.24,trailing
00-0036974,Tyson Campbell,CB,CLE,26.5,8.250428921568627,8.14908088235294,0.10134803921568647,0.104,9.192,-0.227,-0.227,projected,5,-0.24199136506582805,-0.24199136506582805,projected
00-0040238,LeQuint Allen Jr.,RB,JAX,22.1,1.1400000000000001,5.395277777777778,-4.255277777777778,-4.255,1.604,-1.299,-1.299,projected,1,-0.247862845705496,-0.247862845705496,projected
00-0039750,Joshua Karty,K,ARI,24.5,7.530921052631578,9.225,-1.6940789473684212,-0.254,,,,none,,,-0.254,trailing
00-0033109,Javon Hargrave,IL,MIN,33.6,4.74375,5.966323529411765,-1.2225735294117648,-1.223,6.301,-0.209,-0.209,projected,10,-0.2555012224938875,-0.2555012224938875,projected
00-0037837,Calvin Austin III,WR,PIT,27.5,4.2267777777777775,4.975,-0.7482222222222221,-0.748,,,-0.35,rank_imputed,4,-0.2568724328720898,-0.2568724328720898,rank_imputed
00-0039911,Chop Robinson,EDR,MIA,23.7,3.724739583333333,5.966323529411765,-2.241583946078432,-2.242,6.232,-0.278,-0.278,projected,2,-0.2586648057687834,-0.2586648057687834,projected
00-0035189,Matthew Wright,K,BUF,30.5,7.494999999999999,9.225,-1.7300000000000004,-0.26,,,,none,,,-0.26,trailing
00-0034161,Daniel Carlson,K,LV,31.6,7.491960784313726,9.225,-1.733039215686274,-0.26,,,,none,,,-0.26,trailing
00-0039013,Nolan Smith,EDR,PHI,25.7,4.89875,5.966323529411765,-1.0675735294117654,-1.068,6.244,-0.266,-0.266,projected,3,-0.26343154246100525,-0.26343154246100525,projected
00-0036816,Riley Patterson,K,MIA,27.0,7.4624999999999995,9.225,-1.7625000000000002,-0.264,,,,none,,,-0.264,trailing
00-0035707,Devin White,LB,LV,28.6,10.055514705882354,7.5,2.555514705882354,2.452,5.774,-0.254,-0.254,projected,7,-0.2649531637911251,-0.2649531637911251,projected
00-0038546,Myles Murphy,EDR,CIN,24.7,4.5849242424242425,5.966323529411765,-1.3813992869875227,-1.381,6.23,-0.28,-0.28,projected,3,-0.26864955624850084,-0.26864955624850084,projected
00-0039071,Tyrique Stevenson,CB,CHI,26.3,7.38671875,8.14908088235294,-0.7623621323529406,-0.762,9.162,-0.257,-0.257,projected,3,-0.2715811943232133,-0.2715811943232133,projected
00-0034361,Justin Reid,S,NO,29.6,7.396864035087719,8.14908088235294,-0.7522168472652213,-0.752,9.17,-0.249,-0.249,projected,8,-0.2789540902063588,-0.2789540902063588,projected
00-0036934,Jaelan Phillips,EDR,PHI,27.3,5.4140625,5.966323529411765,-0.5522610294117651,-0.552,6.242,-0.268,-0.268,projected,5,-0.27982250065257114,-0.27982250065257114,projected
00-0033523,Jonathan Allen,IL,MIN,31.7,5.0703676470588235,5.966323529411765,-0.8959558823529417,-0.896,6.259,-0.25,-0.25,projected,9,-0.2841716396703609,-0.2841716396703609,projected
00-0037611,Kayvon Thibodeaux,EDR,NYG,25.8,4.5564583333333335,5.966323529411765,-1.4098651960784316,-1.41,6.213,-0.297,-0.297,projected,4,-0.29508196721311475,-0.29508196721311475,projected
00-0037251,Alex Wright,DE,CLE,26.0,5.190625,5.966323529411765,-0.7756985294117653,-0.776,,,-0.2955,rank_imputed,4,-0.2955,-0.2955,rank_imputed
00-0034782,Harrison Phillips,IL,NYJ,30.6,4.233946078431373,5.966323529411765,-1.7323774509803922,-1.732,6.233,-0.277,-0.277,projected,8,-0.30256690333151287,-0.30256690333151287,projected
00-0037756,Travis Jones,IL,BAL,26.9,4.505857843137255,5.966323529411765,-1.4604656862745102,-1.46,6.192,-0.318,-0.318,projected,4,-0.30702389572773353,-0.30702389572773353,projected
00-0035248,Zach Allen,IL,DEN,29.1,5.763153594771242,5.966323529411765,-0.20316993464052313,-0.203,6.213,-0.297,-0.297,projected,7,-0.30801140782991965,-0.30801140782991965,projected
00-0037819,Leo Chenal,LB,KC,25.9,5.259328007518797,7.5,-2.240671992481203,-2.241,5.714,-0.314,-0.314,projected,4,-0.3135015325632245,-0.3135015325632245,projected
00-0036940,Odafe Oweh,EDR,LAC,27.8,5.975040849673203,5.966323529411765,0.008717320261437678,0.009,6.206,-0.304,-0.304,projected,5,-0.3228890069038768,-0.3228890069038768,projected
00-0036282,Grant Delpit,S,CLE,28.0,7.886764705882353,8.14908088235294,-0.2623161764705877,-0.262,9.107,-0.312,-0.312,projected,6,-0.325440700949202,-0.325440700949202,projected
00-0034373,Dorance Armstrong,EDR,WAS,29.3,7.897916666666667,5.966323529411765,1.931593137254902,1.813,6.216,-0.294,-0.294,projected,8,-0.3293195183422011,-0.3293195183422011,projected
00-0026858,Graham Gano,K,NYG,39.4,7.014444444444445,9.225,-2.2105555555555547,-0.332,,,,none,,,-0.332,trailing
00-0038428,Andre Szmyt,K,CLE,28.0,7.0,9.225,-2.2249999999999996,-0.334,,,,none,,,-0.334,trailing
00-0040706,Walter Nolen,IL,ARI,22.9,6.85,5.966323529411765,0.8836764705882345,0.999,6.117,-0.393,-0.393,projected,1,-0.3371220244477804,-0.3371220244477804,projected
00-0037614,John Metchie III,WR,NYJ,26.2,3.385416666666667,4.975,-1.5895833333333327,-1.59,3.259,-0.562,-0.562,projected,4,-0.35250419911924763,-0.35250419911924763,projected
00-0039898,Mike Sainristil,CB,WAS,26.0,8.130588235294118,8.14908088235294,-0.018492647058822698,-0.018,8.535,-0.884,-0.884,projected,2,-0.35298198602273934,-0.35298198602273934,projected
00-0034828,Harold Landry III,EDR,NE,30.3,6.854733455882354,5.966323529411765,0.8884099264705885,0.807,6.192,-0.318,-0.318,projected,8,-0.36965998256320837,-0.36965998256320837,projected
00-0039867,Javon Bullard,S,GB,24.0,6.356249999999999,8.14908088235294,-1.7928308823529413,-1.793,8.379,-1.04,-1.04,projected,2,-0.3779492303585731,-0.3779492303585731,projected
00-0039834,Kamren Kinchens,S,LA,24.0,7.010808823529413,8.14908088235294,-1.138272058823528,-1.138,8.495,-0.924,-0.924,projected,2,-0.38393720081857846,-0.38393720081857846,projected
00-0040279,Ryan Fitzgerald,K,CAR,26.1,6.611111111111111,9.225,-2.613888888888889,-0.392,,,,none,,,-0.392,trailing
00-0036942,Osa Odighizuwa,IL,DAL,28.1,4.115441176470588,5.966323529411765,-1.850882352941177,-1.851,6.114,-0.395,-0.395,projected,5,-0.3962879357913218,-0.3962879357913218,projected
00-0033702,Younghoe Koo,K,NYG,32.1,6.574999999999999,9.225,-2.6500000000000004,-0.398,,,,none,,,-0.398,trailing
00-0036987,Brandon Stephens,CB,NYJ,28.7,6.684703947368421,8.14908088235294,-1.4643769349845197,-1.464,9.069,-0.35,-0.35,projected,5,-0.41313046660135266,-0.41313046660135266,projected
00-0030098,Dustin Hopkins,K,CLE,36.0,6.461538461538462,9.225,-2.763461538461538,-0.415,,,,none,,,-0.415,trailing
00-0032762,Chris Jones,IL,KC,32.2,4.32421875,5.966323529411765,-1.6421047794117651,-1.642,6.14,-0.37,-0.37,projected,10,-0.4284887087434858,-0.4284887087434858,projected
00-0038136,Coby Bryant,FS,SEA,27.5,7.785763888888889,8.14908088235294,-0.36331699346405166,-0.363,,,-0.42599999999999894,rank_imputed,4,-0.43498238627661096,-0.43498238627661096,rank_imputed
00-0038980,Zach Harrison,IL,ATL,25.1,5.48070054945055,5.966323529411765,-0.4856229799612155,-0.486,,,-0.4784999999999986,rank_imputed,3,-0.4372858122001358,-0.4372858122001358,rank_imputed
00-0038133,Boye Mafe,EDR,SEA,27.8,4.347222222222222,5.966323529411765,-1.6191013071895428,-1.619,6.096,-0.414,-0.414,projected,4,-0.43972384492830585,-0.43972384492830585,projected
00-0039421,Levi Drake Rodriguez,EDR,MIN,26.1,3.585,5.966323529411765,-2.381323529411765,-2.381,6.063,-0.446,-0.446,projected,2,-0.44745422623526465,-0.44745422623526465,projected
00-0033537,Deshaun Watson,QB,CLE,31.0,10.674285714285714,12.743431372549018,-2.069145658263304,-2.069,9.003,-0.451,-0.451,projected,9,-0.4511804721888755,-0.4511804721888755,projected
00-0034832,Bradley Chubb,EDR,MIA,30.2,5.882352941176471,5.966323529411765,-0.08397058823529413,-0.084,6.113,-0.397,-0.397,projected,8,-0.4597568037058483,-0.4597568037058483,projected
00-0037007,Patrick Jones II,EDR,CAR,28.0,5.244791666666666,5.966323529411765,-0.7215318627450991,-0.722,6.075,-0.435,-0.435,projected,5,-0.4652406417112299,-0.4652406417112299,projected
00-0036181,Teair Tart,IL,LAC,29.5,3.9129901960784315,5.966323529411765,-2.0533333333333337,-2.053,6.058,-0.452,-0.452,projected,6,-0.47516425755584757,-0.47516425755584757,projected
00-0033051,David Onyemata,IL,ATL,33.8,4.543152573529412,5.966323529411765,-1.4231709558823535,-1.423,6.111,-0.399,-0.399,projected,10,-0.4916820702402957,-0.4916820702402957,projected
00-0039110,Keeanu Benton,IL,PIT,25.2,4.795138888888889,5.966323529411765,-1.1711846405228759,-1.171,5.945,-0.564,-0.564,projected,3,-0.5169569202566452,-0.5169569202566452,projected
00-0038440,Zavier Scott,RB,MIN,27.2,2.8444444444444446,5.395277777777778,-2.5508333333333337,-2.551,2.391,-0.511,-0.511,projected,3,-0.5237587634783322,-0.5237587634783322,projected
00-0039792,Devontez Walker,WR,BAL,25.2,5.621,4.975,0.6460000000000008,0.686,2.526,-1.294,-1.294,projected,2,-0.526442529194434,-0.526442529194434,projected
00-0034285,Zach Sieler,IL,MIA,31.0,6.202794117647059,5.966323529411765,0.236470588235294,0.21,6.032,-0.478,-0.478,projected,8,-0.5296398891966759,-0.5296398891966759,projected
00-0040155,Danny Stutsman,LB,NO,23.5,3.65625,7.5,-3.84375,-3.844,5.475,-0.553,-0.553,projected,1,-0.5318586198605435,-0.5318586198605435,projected
00-0040678,Derrick Harmon,IL,PIT,23.1,3.7115384615384617,5.966323529411765,-2.2547850678733035,-2.255,5.879,-0.631,-0.631,projected,1,-0.5443174466249731,-0.5443174466249731,projected
00-0039740,Jalyx Hunt,EDR,PHI,25.5,6.354947916666666,5.966323529411765,0.3886243872549011,0.409,5.955,-0.554,-0.554,projected,2,-0.5451414514145141,-0.5451414514145141,projected
00-0033297,D.J. Jones,IL,DEN,31.7,3.8652573529411764,5.966323529411765,-2.1010661764705887,-2.101,6.024,-0.485,-0.485,projected,9,-0.5512929809605001,-0.5512929809605001,projected
00-0039814,Erick All,TE,CIN,26.0,2.225,4.209742647058824,-1.9847426470588236,-1.985,2.019,-1.27,-1.27,projected,2,-0.551512190351423,-0.551512190351423,projected
00-0033923,Kareem Hunt,RB,KC,31.1,8.401764705882353,5.395277777777778,3.006486928104575,2.659,,,-0.5129999999999999,rank_imputed,9,-0.5722444699766862,-0.5722444699766862,rank_imputed
00-0039407,Dylan Laube,RB,LV,26.8,-0.57,5.395277777777778,-5.965277777777779,-5.965,0.896,-2.006,-2.006,projected,2,-0.5775152313572416,-0.5775152313572416,projected
00-0036309,Darnell Mooney,WR,ATL,28.9,5.197916666666668,4.975,0.2229166666666682,0.212,3.33,-0.49,-0.49,projected,6,-0.5776054129878703,-0.5776054129878703,projected
00-0040725,Donovan Ezeiruaku,EDR,DAL,23.3,4.203125,5.966323529411765,-1.7631985294117651,-1.763,5.87,-0.639,-0.639,projected,1,-0.5874511606527235,-0.5874511606527235,projected
00-0036262,DaVon Hamilton,IL,JAX,29.6,3.600625,5.966323529411765,-2.365698529411765,-2.366,5.932,-0.578,-0.578,projected,6,-0.609704641350211,-0.609704641350211,projected
00-0029621,Greg Zuerlein,K,NYJ,38.7,5.125,9.225,-4.1,-0.615,,,,none,,,-0.615,trailing
00-0038596,Antonio Johnson,S,JAX,24.9,6.579411764705882,8.14908088235294,-1.5696691176470585,-1.57,8.75,-0.669,-0.669,projected,3,-0.6156082927682129,-0.6156082927682129,projected
00-0035535,Darius Slayton,WR,NYG,29.7,4.493794642857143,4.975,-0.4812053571428567,-0.481,3.314,-0.506,-0.506,projected,7,-0.6274101352775607,-0.6274101352775607,projected
00-0037801,KaVontae Turpin,WR,DAL,30.1,4.124666666666666,4.975,-0.8503333333333334,-0.85,3.318,-0.502,-0.502,projected,7,-0.63902643940069,-0.63902643940069,projected
00-0036290,Cole Kmet,TE,CHI,27.5,4.040277777777778,4.209742647058824,-0.16946486928104587,-0.169,2.657,-0.632,-0.632,projected,6,-0.6426682936750051,-0.6426682936750051,projected
00-0035678,Dre'Mont Jones,EDR,BAL,29.7,4.762760416666667,5.966323529411765,-1.2035631127450985,-1.204,5.931,-0.579,-0.579,projected,7,-0.6581415174765558,-0.6581415174765558,projected
00-0039366,Tarheeb Still,CB,LAC,24.3,6.5203125,8.14908088235294,-1.6287683823529404,-1.629,8.389,-1.03,-1.03,projected,2,-0.6643593735117745,-0.6643593735117745,projected
00-0039739,Roman Wilson,WR,PIT,25.2,3.088888888888889,4.975,-1.8861111111111106,-1.886,2.239,-1.581,-1.581,projected,2,-0.6645432389665933,-0.6645432389665933,projected
00-0034376,Taron Johnson,CB,BUF,30.1,6.6850000000000005,8.14908088235294,-1.46408088235294,-1.464,8.881,-0.538,-0.538,projected,8,-0.6815561777113396,-0.6815561777113396,projected
00-0036182,Nick Westbrook-Ikhine,WR,MIA,29.5,3.6002991452991457,4.975,-1.374700854700854,-1.375,3.264,-0.557,-0.557,projected,6,-0.6818042719872698,-0.6818042719872698,projected
00-0039149,Quan Martin,S,WAS,26.4,7.00843653250774,8.14908088235294,-1.1406443498452008,-1.141,8.705,-0.715,-0.715,projected,3,-0.6977107281562872,-0.6977107281562872,projected
00-0038951,Sean Tucker,RB,TB,24.9,5.712792207792208,5.395277777777778,0.31751443001442947,0.34,2.171,-0.731,-0.731,projected,3,-0.7150333062709693,-0.7150333062709693,projected
00-0039888,Quinyon Mitchell,CB,PHI,25.2,6.0077573529411765,8.14908088235294,-2.141323529411764,-2.141,8.063,-1.356,-1.356,projected,2,-0.7232938471776877,-0.7232938471776877,projected
00-0037262,Thomas Booker,IL,LV,26.8,3.286810661764706,5.966323529411765,-2.679512867647059,-2.68,5.738,-0.771,-0.771,projected,4,-0.7420596727622715,-0.7420596727622715,projected
00-0037190,Sauce Gardner,CB,IND,25.0,5.741666666666667,8.14908088235294,-2.4074142156862735,-2.407,8.659,-0.76,-0.76,projected,4,-0.76,-0.76,projected
00-0039141,Brian Branch,SS,DET,24.9,10.869822303921568,8.14908088235294,2.7207414215686274,2.913,8.587,-0.832,-0.832,projected,3,-0.7655995509464172,-0.7655995509464172,projected
00-0039356,Ja'Tavion Sanders,TE,CAR,23.5,2.64030303030303,4.209742647058824,-1.5694396167557936,-1.569,1.607,-1.682,-1.682,projected,2,-0.7656498744980218,-0.7656498744980218,projected
00-0039405,Jawhar Jordan,RB,HOU,27.1,5.85,5.395277777777778,0.45472222222222136,0.457,,,-2.254,rank_imputed,2,-0.7673213996542803,-0.7673213996542803,rank_imputed
00-0038794,Jaleel McLaughlin,RB,DEN,26.0,3.588911764705883,5.395277777777778,-1.8063660130718953,-1.806,2.108,-0.795,-0.795,projected,3,-0.795,-0.795,projected
00-0039917,Michael Penix Jr.,QB,ATL,26.4,11.54,12.743431372549018,-1.2034313725490193,-1.203,4.258,-5.196,-5.196,projected,2,-0.7975185189327361,-0.7975185189327361,projected
00-0033553,James Conner,RB,ARI,31.4,9.999270833333334,5.395277777777778,4.603993055555556,4.031,2.185,-0.718,-0.718,projected,9,-0.8063972685819537,-0.8063972685819537,projected
00-0037258,Dameon Pierce,RB,KC,26.6,2.1545454545454543,5.395277777777778,-3.240732323232324,-3.241,,,-2.1616,rank_imputed,4,-0.8078529205725744,-0.8078529205725744,rank_imputed
00-0039934,Jude McAtamney,K,NYG,26.4,3.8375,9.225,-5.387499999999999,-0.808,,,,none,,,-0.808,trailing
00-0039138,Kobie Turner,IL,LA,27.4,6.228819444444444,5.966323529411765,0.26249591503267844,0.261,5.686,-0.824,-0.824,projected,3,-0.8082393330063756,-0.8082393330063756,projected
00-0038574,Isaiah McGuire,EDR,CLE,25.1,4.0591346153846155,5.966323529411765,-1.9071889140271496,-1.907,5.664,-0.846,-0.846,projected,3,-0.821957736215691,-0.821957736215691,projected
00-0039912,Ben Sinnott,TE,WAS,24.3,2.322125,4.209742647058824,-1.8876176470588235,-1.888,1.312,-1.977,-1.977,projected,2,-0.8524168200323915,-0.8524168200323915,projected
00-0039299,George Holani,RB,SEA,26.8,2.1033333333333335,5.395277777777778,-3.291944444444445,-3.292,2.062,-0.84,-0.84,projected,2,-0.8538667967797023,-0.8538667967797023,projected
00-0033860,Davon Godchaux,IL,NO,31.8,3.426523109243697,5.966323529411765,-2.539800420168068,-2.54,5.751,-0.759,-0.759,projected,9,-0.8659440958357103,-0.8659440958357103,projected
00-0036480,Dayo Odeyingbo,EDR,CHI,27.0,3.383639705882353,5.966323529411765,-2.582683823529412,-2.583,5.666,-0.844,-0.844,projected,5,-0.8723514211886304,-0.8723514211886304,projected
00-0037195,Jaylen Watson,CB,KC,28.0,6.715,8.14908088235294,-1.4340808823529407,-1.434,8.654,-0.765,-0.765,projected,4,-0.873187992238329,-0.873187992238329,projected
00-0040172,Jordan Watkins,WR,SF,24.6,1.4000000000000001,4.975,-3.5749999999999993,-3.575,,,-1.8355,rank_imputed,1,-0.8781831361449203,-0.8781831361449203,rank_imputed
00-0039410,Ryan Flournoy,WR,DAL,26.9,4.36,4.975,-0.6149999999999993,-0.615,2.76,-1.06,-1.06,projected,2,-0.888814654398465,-0.888814654398465,projected
00-0036903,Bobby Brown III,IL,CAR,26.1,3.0842105263157897,5.966323529411765,-2.8821130030959754,-2.882,5.544,-0.966,-0.966,projected,5,-0.9098186955497999,-0.9098186955497999,projected
00-0040710,Deone Walker,IL,BUF,22.5,4.147058823529412,5.966323529411765,-1.819264705882353,-1.819,5.426,-1.083,-1.083,projected,1,-0.9187698833510074,-0.9187698833510074,projected
00-0040277,Jahdae Walker,WR,CHI,24.2,7.1000000000000005,4.975,2.125000000000001,2.319,2.809,-1.012,-1.012,projected,1,-0.924927340194125,-0.924927340194125,projected
00-0038979,Cedric Tillman,WR,CLE,26.4,4.260138888888889,4.975,-0.7148611111111105,-0.715,,,-1.4449999999999998,rank_imputed,3,-0.9327645150567572,-0.9327645150567572,rank_imputed
00-0034941,Mitch Wishnowsky,K,BUF,34.5,3.0,9.225,-6.225,-0.934,,,,none,,,-0.934,trailing
00-0033131,Maliek Collins,IL,CLE,31.4,5.1587499999999995,5.966323529411765,-0.8075735294117656,-0.808,5.677,-0.833,-0.833,projected,10,-0.9364811691961775,-0.9364811691961775,projected
00-0033110,Tyler Higbee,TE,LA,33.7,5.755166666666667,4.209742647058824,1.545424019607843,1.246,2.548,-0.741,-0.741,projected,10,-0.9529811204280056,-0.9529811204280056,projected
00-0034350,Uchenna Nwosu,EDR,SEA,29.7,4.551041666666666,5.966323529411765,-1.4152818627450987,-1.415,5.651,-0.859,-0.859,projected,8,-0.97641375390736,-0.97641375390736,projected
00-0037253,Marcus Jones,CB,NE,27.9,8.351785714285715,8.14908088235294,0.202704831932774,0.199,8.55,-0.869,-0.869,projected,4,-0.9872419708485282,-0.9872419708485282,projected
00-0040640,Ashton Gillotte,EDR,KC,23.9,3.4,5.966323529411765,-2.5663235294117652,-2.566,5.45,-1.06,-1.06,projected,1,-0.9922770886964661,-0.9922770886964661,projected
00-0034773,Vita Vea,IL,TB,31.6,4.840290178571428,5.966323529411765,-1.1260333508403368,-1.126,5.63,-0.88,-0.88,projected,8,-0.9966024915062288,-0.9966024915062288,projected
00-0040131,Kyle Williams,WR,NE,23.8,2.6125,4.975,-2.3625,-2.362,1.266,-2.555,-2.555,projected,1,-1.000482182648531,-1.000482182648531,projected
00-0035133,Keisean Nixon,CB,GB,29.2,7.702083333333334,8.14908088235294,-0.4469975490196063,-0.447,8.593,-0.827,-0.827,projected,7,-1.0005565368887166,-1.0005565368887166,projected
00-0038636,Kenny McIntosh,RB,SEA,26.5,2.814285714285714,5.395277777777778,-2.5809920634920642,-2.581,,,-1.4649999999999999,rank_imputed,3,-1.0206622255897357,-1.0206622255897357,rank_imputed
00-0039355,Luke McCaffrey,WR,WAS,25.5,4.15934065934066,4.975,-0.81565934065934,-0.816,1.966,-1.854,-1.854,projected,2,-1.0299689738471711,-1.0299689738471711,projected
00-0036568,Roy Lopez,IL,DET,29.1,3.496875,5.966323529411765,-2.469448529411765,-2.469,5.487,-1.023,-1.023,projected,5,-1.0609281825252788,-1.0609281825252788,projected
00-0034277,DeShon Elliott,S,PIT,29.4,10.96828125,8.14908088235294,2.81920036764706,2.637,8.454,-0.965,-0.965,projected,8,-1.071174851256549,-1.071174851256549,projected
00-0039047,Derick Hall,EDR,SEA,25.5,4.136029411764706,5.966323529411765,-1.8302941176470595,-1.83,5.415,-1.095,-1.095,projected,3,-1.077490774907749,-1.077490774907749,projected
00-0038396,Eric Gray,RB,NYG,26.9,1.03,5.395277777777778,-4.365277777777778,-4.365,0.25,-2.652,-2.652,projected,3,-1.0912737326963629,-1.0912737326963629,projected
00-0035890,Tershawn Wharton,IL,CAR,28.2,4.955,5.966323529411765,-1.011323529411765,-1.011,5.421,-1.089,-1.089,projected,6,-1.0961248112732762,-1.0961248112732762,projected
00-0033952,Grover Stewart,IL,IND,32.9,4.8018382352941185,5.966323529411765,-1.1644852941176467,-1.164,5.568,-0.942,-0.942,projected,9,-1.1204281891168597,-1.1204281891168597,projected
00-0031576,Za'Darius Smith,LB,PHI,34.0,4.867555147058823,7.5,-2.632444852941177,-2.632,5.046,-0.982,-0.982,projected,11,-1.125114573785518,-1.125114573785518,projected
00-0034775,Christian Kirk,WR,HOU,29.8,5.14375,4.975,0.16875000000000018,0.156,2.919,-0.902,-0.902,projected,8,-1.1257269800064897,-1.1257269800064897,projected
00-0039142,Will McDonald IV,EDR,NYJ,27.3,6.198958333333334,5.966323529411765,0.23263480392156843,0.232,5.416,-1.094,-1.094,projected,3,-1.1422605063951972,-1.1422605063951972,projected
00-0040144,Jamaree Caldwell,IL,LAC,26.0,3.5535714285714284,5.966323529411765,-2.4127521008403368,-2.413,5.275,-1.235,-1.235,projected,1,-1.15962441314554,-1.15962441314554,projected
00-0038977,Tank Dell,WR,HOU,26.9,6.721428571428572,4.975,1.7464285714285728,1.765,2.179,-1.641,-1.641,projected,3,-1.1646342251550388,-1.1646342251550388,projected
00-0036204,LaCale London,IL,ATL,29.1,6.225,5.966323529411765,0.2586764705882345,0.244,5.374,-1.136,-1.136,projected,6,-1.1781177080632617,-1.1781177080632617,projected
00-0038896,Jacob Saylors,RB,DET,26.5,1.1,5.395277777777778,-4.295277777777779,-4.295,1.735,-1.168,-1.168,projected,3,-1.1799767641561851,-1.1799767641561851,projected
00-0034967,Rashan Gary,EDR,GB,28.8,5.805514705882353,5.966323529411765,-0.16080882352941206,-0.161,5.434,-1.076,-1.076,projected,7,-1.1837183718371838,-1.1837183718371838,projected
00-0035699,Jamel Dean,CB,TB,29.9,7.947115384615385,8.14908088235294,-0.20196549773755557,-0.202,8.474,-0.945,-0.945,projected,7,-1.1847598510587614,-1.1847598510587614,projected
00-0034381,Josh Sweat,EDR,ARI,29.5,6.464597039473684,5.966323529411765,0.4982735100619191,0.465,5.453,-1.057,-1.057,projected,8,-1.1926657263751763,-1.1926657263751763,projected
00-0039167,Joey Porter Jr.,CB,PIT,26.1,6.555,8.14908088235294,-1.5940808823529409,-1.594,8.278,-1.141,-1.141,projected,3,-1.1953025969808397,-1.1953025969808397,projected
00-0040509,Ben Yurosek,TE,MIN,24.5,0.8,4.209742647058824,-3.409742647058824,-3.41,1.986,-1.302,-1.302,projected,1,-1.2022160664819945,-1.2022160664819945,projected
00-0033281,Marlon Humphrey,CB,BAL,30.2,9.034999999999998,8.14908088235294,0.8859191176470578,0.808,8.472,-0.947,-0.947,projected,9,-1.2060007131577606,-1.2060007131577606,projected
00-0040722,Mike Green,EDR,BAL,23.1,3.6029411764705883,5.966323529411765,-2.363382352941177,-2.363,5.189,-1.321,-1.321,projected,1,-1.2072195567740462,-1.2072195567740462,projected
00-0033551,Rasul Douglas,CB,MIA,32.0,6.8597222222222225,8.14908088235294,-1.289358660130718,-1.289,8.547,-0.872,-0.872,projected,9,-1.2266141510761008,-1.2266141510761008,projected
00-0035277,Mike Jackson,CB,CAR,29.7,8.315196078431374,8.14908088235294,0.16611519607843306,0.154,8.423,-0.996,-0.996,projected,7,-1.2359006812344115,-1.2359006812344115,projected
00-0037005,Tommy Tremble,TE,CAR,26.3,2.9598125,4.209742647058824,-1.2499301470588238,-1.25,2.024,-1.265,-1.265,projected,5,-1.2362691059770923,-1.2362691059770923,projected
00-0040670,Nohl Williams,CB,KC,24.0,4.71875,8.14908088235294,-3.4303308823529406,-3.43,6.636,-2.783,-2.783,projected,1,-1.2467207625084025,-1.2467207625084025,projected
00-0036952,Jonathon Cooper,EDR,DEN,28.7,5.8794407894736835,5.966323529411765,-0.0868827399380816,-0.087,5.363,-1.147,-1.147,projected,5,-1.2573307755549465,-1.2573307755549465,projected
00-0038046,Charlie Kolar,TE,BAL,27.6,2.6172727272727276,4.209742647058824,-1.592469919786096,-1.592,1.993,-1.295,-1.295,projected,4,-1.2601064905041122,-1.2601064905041122,projected
00-0036849,Tutu Atwell,WR,LA,26.9,3.474375,4.975,-1.5006249999999994,-1.501,2.609,-1.211,-1.211,projected,5,-1.2708173737840136,-1.2708173737840136,projected
00-0039144,Luke Musgrave,TE,GB,26.0,1.5414285714285716,4.209742647058824,-2.668314075630252,-2.668,1.401,-1.888,-1.888,projected,3,-1.2710125590398762,-1.2710125590398762,projected
00-0036754,Brock Wright,TE,DET,27.8,3.062642857142858,4.209742647058824,-1.1470997899159658,-1.147,2.04,-1.249,-1.249,projected,5,-1.283078566732413,-1.283078566732413,projected
00-0040711,CJ West,IL,SF,24.3,3.5625,5.966323529411765,-2.403823529411765,-2.404,5.065,-1.445,-1.445,projected,1,-1.2898906494086142,-1.2898906494086142,projected
00-0033393,Kenny Moore II,CB,IND,31.1,7.314880952380952,8.14908088235294,-0.8341999299719882,-0.834,,,-0.9704999999999999,rank_imputed,9,-1.2973384843664364,-1.2973384843664364,rank_imputed
00-0035644,Noah Fant,TE,CIN,28.8,3.7300000000000004,4.209742647058824,-0.4797426470588233,-0.48,2.063,-1.226,-1.226,projected,7,-1.3039224027907768,-1.3039224027907768,projected
00-0039070,Gervon Dexter Sr.,IL,CHI,25.9,4.605972222222222,5.966323529411765,-1.3603513071895428,-1.36,5.117,-1.393,-1.393,projected,3,-1.304001872220922,-1.304001872220922,projected
00-0039435,Tatum Bethune,LB,SF,25.6,6.564583333333333,7.5,-0.9354166666666668,-0.935,4.709,-1.319,-1.319,projected,2,-1.310664175841647,-1.310664175841647,projected
00-0035249,Josh Oliver,TE,MIN,29.5,3.6070833333333336,4.209742647058824,-0.6026593137254901,-0.603,2.079,-1.21,-1.21,projected,7,-1.3195201744820064,-1.3195201744820064,projected
00-0038412,Moro Ojomo,IL,PHI,25.1,3.5058823529411764,5.966323529411765,-2.4604411764705887,-2.46,5.057,-1.453,-1.453,projected,3,-1.3278501256568427,-1.3278501256568427,projected
00-0035279,Charles Omenihu,IL,KC,29.1,4.094065656565657,5.966323529411765,-1.8722578728461086,-1.872,5.222,-1.288,-1.288,projected,7,-1.3357531760435573,-1.3357531760435573,projected
00-0039063,Calijah Kancey,IL,TB,25.5,3.731730769230769,5.966323529411765,-2.234592760180996,-2.235,5.065,-1.445,-1.445,projected,3,-1.3364161849710983,-1.3364161849710983,projected
00-0040187,Mitchell Evans,TE,CAR,23.5,2.2214285714285715,4.209742647058824,-1.9883140756302522,-1.988,1.047,-2.242,-2.242,projected,1,-1.3440292348022362,-1.3440292348022362,projected
00-0032164,Arik Armstead,IL,JAX,32.8,3.72734375,5.966323529411765,-2.238979779411765,-2.239,5.367,-1.143,-1.143,projected,11,-1.3542654028436019,-1.3542654028436019,projected
00-0039859,Brandon Dorlus,IL,ATL,25.5,3.583482142857143,5.966323529411765,-2.382841386554622,-2.383,5.027,-1.483,-1.483,projected,2,-1.3715606936416185,-1.3715606936416185,projected
00-0036624,Alim McNeill,IL,DET,26.3,4.066220238095238,5.966323529411765,-1.900103291316527,-1.9,5.058,-1.452,-1.452,projected,5,-1.3759772565742714,-1.3759772565742714,projected
00-0038547,Luke Schoonmaker,TE,DAL,28.0,1.8258571428571428,4.209742647058824,-2.3838855042016807,-2.384,1.408,-1.881,-1.881,projected,3,-1.430140820216986,-1.430140820216986,projected
00-0034805,John Franklin-Myers,EDR,DEN,30.0,4.455147058823529,5.966323529411765,-1.5111764705882358,-1.511,5.265,-1.245,-1.245,projected,8,-1.4310344827586208,-1.4310344827586208,projected
00-0036874,Pat Surtain II,CB,DEN,26.4,6.174724264705882,8.14908088235294,-1.9743566176470582,-1.974,8.069,-1.35,-1.35,projected,5,-1.4328472266445902,-1.4328472266445902,projected
00-0039835,Justin Eboigbe,IL,LAC,25.4,3.719583333333333,5.966323529411765,-2.246740196078432,-2.247,4.952,-1.558,-1.558,projected,2,-1.4366067312125403,-1.4366067312125403,projected
00-0040009,Savion Williams,WR,GB,24.8,1.5,4.975,-3.4749999999999996,-3.475,1.026,-2.794,-2.794,projected,1,-1.45675027481958,-1.45675027481958,projected
00-0040164,Jaylin Lane,WR,WAS,24.4,1.6,4.975,-3.3749999999999996,-3.375,1.256,-2.564,-2.564,projected,1,-1.4676333458330775,-1.4676333458330775,projected
00-0039369,Cam Hart,CB,LAC,25.8,5.27109375,8.14908088235294,-2.8779871323529402,-2.878,7.678,-1.741,-1.741,projected,2,-1.472188127740548,-1.472188127740548,projected
00-0034754,Oren Burks,LB,CIN,31.5,4.300000000000001,7.5,-3.1999999999999993,-3.2,4.67,-1.357,-1.357,projected,8,-1.4870418059284423,-1.4870418059284423,projected
00-0032392,Austin Hooper,TE,NE,31.9,3.132408088235294,4.209742647058824,-1.0773345588235297,-1.077,2.04,-1.249,-1.249,projected,10,-1.4916638799980892,-1.4916638799980892,projected
00-0036422,Adam Trautman,TE,DEN,29.6,2.299583333333333,4.209742647058824,-1.9101593137254906,-1.91,1.925,-1.364,-1.364,projected,6,-1.49286402241485,-1.49286402241485,projected
00-0035208,Olamide Zaccheaus,WR,CHI,29.1,3.8780555555555556,4.975,-1.096944444444444,-1.097,2.565,-1.255,-1.255,projected,7,-1.4978457278575437,-1.4978457278575437,projected
00-0035406,Lil'Jordan Humphrey,WR,DEN,28.4,3.268333333333333,4.975,-1.7066666666666666,-1.707,2.506,-1.314,-1.314,projected,7,-1.5026072637453114,-1.5026072637453114,projected
00-0036637,Noah Gray,TE,KC,27.4,2.535,4.209742647058824,-1.6747426470588236,-1.675,1.803,-1.486,-1.486,projected,5,-1.5059996756932057,-1.5059996756932057,projected
00-0033120,Kenny Clark,IL,DAL,31.0,3.6345312499999998,5.966323529411765,-2.3317922794117654,-2.332,5.142,-1.368,-1.368,projected,10,-1.5157894736842108,-1.5157894736842108,projected
00-0040194,Jackson Hawes,TE,BUF,25.8,2.946153846153846,4.209742647058824,-1.2635888009049778,-1.264,1.089,-2.199,-2.199,projected,1,-1.5162862427394956,-1.5162862427394956,projected
00-0035683,Dexter Lawrence,IL,NYG,28.8,4.652994791666666,5.966323529411765,-1.313328737745099,-1.313,5.031,-1.479,-1.479,projected,7,-1.518480492813142,-1.518480492813142,projected
00-0036902,Joseph Ossai,EDR,CIN,26.4,5.6286764705882355,5.966323529411765,-0.33764705882352963,-0.338,5.011,-1.499,-1.499,projected,5,-1.5187436676798378,-1.5187436676798378,projected
00-0036995,Baron Browning,LB,ARI,27.6,3.1550757575757578,7.5,-4.344924242424242,-4.345,4.536,-1.492,-1.492,projected,5,-1.5309472992940405,-1.5309472992940405,projected
00-0040173,Tyrion Ingram-Dawkins,IL,MIN,23.2,2.2777777777777777,5.966323529411765,-3.6885457516339875,-3.689,4.719,-1.791,-1.791,projected,1,-1.5493079584775085,-1.5493079584775085,projected
00-0040178,Jason Marshall Jr.,CB,MIA,24.0,4.65625,8.14908088235294,-3.4928308823529406,-3.493,6.863,-2.556,-2.556,projected,1,-1.5495240276577351,-1.5495240276577351,projected
00-0039854,Darius Robinson,EDR,ARI,25.0,3.103392857142857,5.966323529411765,-2.862930672268908,-2.863,4.901,-1.609,-1.609,projected,2,-1.5583535108958837,-1.5583535108958837,projected
00-0033876,Derek Barnett,EDR,HOU,30.2,3.8433593750000004,5.966323529411765,-2.122964154411765,-2.123,5.162,-1.348,-1.348,projected,9,-1.5610885929357268,-1.5610885929357268,projected
00-0040154,Tai Felton,WR,MIN,23.5,0.9333333333333332,4.975,-4.041666666666666,-4.042,0.825,-2.996,-2.996,projected,1,-1.5767476312808282,-1.5767476312808282,projected
00-0036981,Christian Barmore,IL,NE,27.1,3.4927083333333333,5.966323529411765,-2.473615196078432,-2.474,4.886,-1.624,-1.624,projected,5,-1.5778479475346128,-1.5778479475346128,projected
00-0036933,Zaven Collins,LB,ARI,27.3,4.8352481617647065,7.5,-2.6647518382352935,-2.665,4.477,-1.551,-1.551,projected,5,-1.5837358193867235,-1.5837358193867235,projected
00-0040021,Phil Mafah,RB,DAL,23.9,9.1,5.395277777777778,3.7047222222222214,4.077,,,-2.551,rank_imputed,1,-1.5929372943421929,-1.5929372943421929,rank_imputed
00-0038705,Emari Demercado,RB,ARI,27.7,3.838636363636364,5.395277777777778,-1.5566414141414144,-1.557,1.357,-1.545,-1.545,projected,3,-1.6002237205978311,-1.6002237205978311,projected
00-0039359,Cade Stover,TE,HOU,26.3,1.566875,4.209742647058824,-2.6428676470588237,-2.643,0.978,-2.311,-2.311,projected,2,-1.6180158736888364,-1.6180158736888364,projected
00-0039041,Elijah Higgins,TE,ARI,25.9,2.1276666666666664,4.209742647058824,-2.0820759803921574,-2.082,1.435,-1.854,-1.854,projected,3,-1.622572474084354,-1.622572474084354,projected
00-0035250,Devin Singletary,RB,NYG,29.0,5.353588235294117,5.395277777777778,-0.04168954248366141,-0.042,1.378,-1.524,-1.524,projected,7,-1.6228303695027153,-1.6228303695027153,projected
00-0033858,Jonnu Smith,TE,PIT,31.1,4.734754901960784,4.209742647058824,0.5250122549019602,0.464,1.877,-1.412,-1.412,projected,9,-1.6344862712413761,-1.6344862712413761,projected
00-0037742,Treylon Burks,WR,WAS,26.5,1.898,4.975,-3.077,-3.077,1.955,-1.865,-1.865,projected,4,-1.6741306517648908,-1.6741306517648908,projected
00-0038552,Riley Moss,CB,DEN,26.5,8.326315789473684,8.14908088235294,0.1772349071207433,0.181,7.838,-1.581,-1.581,projected,3,-1.6854112254144233,-1.6854112254144233,projected
00-0038115,Daniel Bellinger,TE,NYG,26.0,2.9970833333333333,4.209742647058824,-1.2126593137254904,-1.213,1.473,-1.815,-1.815,projected,4,-1.6882134469453023,-1.6882134469453023,projected
00-0035202,Del'Shawn Phillips,LB,LAC,29.9,3.309375,7.5,-4.190625,-4.191,4.439,-1.589,-1.589,projected,7,-1.694047910958539,-1.694047910958539,projected
00-0040646,Jalen Royals,WR,KC,23.6,0.6000000000000001,4.975,-4.375,-4.375,0.929,-2.892,-2.892,projected,1,-1.7042443061095227,-1.7042443061095227,projected
00-0040581,Dont'e Thornton Jr.,WR,LV,23.8,1.3181818181818181,4.975,-3.6568181818181813,-3.657,0.746,-3.074,-3.074,projected,1,-1.724102855512041,-1.724102855512041,projected
00-0039074,Davis Allen,TE,LA,25.6,2.3803333333333336,4.209742647058824,-1.82940931372549,-1.829,1.247,-2.042,-2.042,projected,3,-1.7298300522410313,-1.7298300522410313,projected
00-0036992,Elijah Molden,S,LAC,27.6,5.678333333333333,8.14908088235294,-2.470747549019608,-2.471,7.713,-1.706,-1.706,projected,5,-1.749348864871516,-1.749348864871516,projected
00-0036286,K'Lavon Chaisson,EDR,NE,27.1,6.22638888888889,5.966323529411765,0.2600653594771245,0.261,4.82,-1.689,-1.689,projected,6,-1.7516204303863108,-1.7516204303863108,projected
00-0038106,Eyioma Uwazurike,IL,DEN,28.4,3.5482536764705883,5.966323529411765,-2.418069852941177,-2.418,4.773,-1.737,-1.737,projected,4,-1.7598784194528874,-1.7598784194528874,projected
00-0040184,KeAndre Lambert-Smith,WR,LAC,24.9,1.6571428571428573,4.975,-3.317857142857142,-3.318,1.216,-2.604,-2.604,projected,1,-1.7628271575751442,-1.7628271575751442,projected
00-0039920,Malachi Corley,WR,CLE,24.5,1.5341666666666667,4.975,-3.440833333333333,-3.441,0.886,-2.934,-2.934,projected,2,-1.7764409246472632,-1.7764409246472632,projected
00-0037313,Montaric Brown,CB,JAX,27.1,7.344196428571429,8.14908088235294,-0.8048844537815114,-0.805,7.796,-1.624,-1.624,projected,4,-1.7782254973885054,-1.7782254973885054,projected
00-0036165,Isaiah Hodgins,WR,NYG,27.9,2.249166666666667,4.975,-2.7258333333333327,-2.726,,,-1.6094285714285763,rank_imputed,6,-1.787003066107698,-1.787003066107698,rank_imputed
00-0034843,Mike Hughes,CB,ATL,29.6,7.041515151515151,8.14908088235294,-1.1075657308377895,-1.108,7.964,-1.456,-1.456,projected,8,-1.7974864818152638,-1.7974864818152638,projected
00-0034234,Poona Ford,IL,LA,30.8,4.3373366013071895,5.966323529411765,-1.6289869281045757,-1.629,4.876,-1.634,-1.634,projected,8,-1.7975797579757975,-1.7975797579757975,projected
00-0034825,Arden Key,EDR,TEN,30.4,4.488352272727273,5.966323529411765,-1.4779712566844925,-1.478,4.963,-1.547,-1.547,projected,8,-1.8051341890315051,-1.8051341890315051,projected
00-0035021,Ashton Dulin,WR,IND,29.3,2.115952380952381,4.975,-2.859047619047619,-2.859,2.324,-1.496,-1.496,projected,7,-1.808051630993099,-1.808051630993099,projected
00-0040311,Theo Wease Jr.,WR,MIA,25.2,6.833333333333333,4.975,1.8583333333333334,1.973,1.924,-1.897,-1.897,projected,1,-1.8208170160485293,-1.8208170160485293,projected
00-0040574,Elijah Ponder,EDR,NE,24.1,3.0588235294117645,5.966323529411765,-2.9075000000000006,-2.908,4.571,-1.939,-1.939,projected,1,-1.8262302801977868,-1.8262302801977868,projected
00-0040466,Raheim Sanders,RB,CLE,24.3,4.4,5.395277777777778,-0.9952777777777779,-0.995,1.012,-1.89,-1.89,projected,1,-1.8269518902668895,-1.8269518902668895,projected
00-0038463,Brenton Cox Jr.,EDR,GB,26.6,6.625,5.966323529411765,0.6586764705882349,0.672,4.714,-1.796,-1.796,projected,3,-1.8317185109637941,-1.8317185109637941,projected
00-0039884,Tahj Washington,WR,MIA,25.3,1.0,4.975,-3.9749999999999996,-3.975,1.812,-2.009,-2.009,projected,2,-1.8331446976730565,-1.8331446976730565,projected
00-0032385,Sterling Shepard,WR,TB,33.6,3.6776923076923076,4.975,-1.297307692307692,-1.297,,,-1.1062857142857119,rank_imputed,10,-1.8360979125766979,-1.8360979125766979,rank_imputed
00-0038504,Trenton Simpson,LB,BAL,25.3,6.250446428571429,7.5,-1.2495535714285708,-1.25,4.158,-1.87,-1.87,projected,3,-1.8494159999208806,-1.8494159999208806,projected
00-0040782,Isaiah Bond,WR,CLE,22.5,2.426666666666667,4.975,-2.5483333333333325,-2.548,1.627,-2.194,-2.194,projected,1,-1.8545285490892187,-1.8545285490892187,projected
00-0034993,Marcus Epps,S,PHI,30.6,5.455555555555556,8.14908088235294,-2.693525326797385,-2.694,7.828,-1.591,-1.591,projected,7,-1.868862472395809,-1.868862472395809,projected
00-0037267,Jerome Ford,RB,CLE,27.0,3.5275000000000003,5.395277777777778,-1.867777777777778,-1.868,0.142,-2.76,-2.76,projected,4,-1.8706289353883843,-1.8706289353883843,projected
00-0038394,Will Mallory,TE,IND,27.2,1.2700000000000002,4.209742647058824,-2.9397426470588233,-2.94,1.163,-2.126,-2.126,projected,3,-1.886439437065909,-1.886439437065909,projected
00-0038577,Nick Herbig,EDR,PIT,24.8,6.518229166666667,5.966323529411765,0.5519056372549018,0.592,4.542,-1.968,-1.968,projected,3,-1.894128970163619,-1.894128970163619,projected
00-0039824,Jared Wiley,TE,KC,25.9,0.605,4.209742647058824,-3.6047426470588237,-3.605,0.683,-2.606,-2.606,projected,2,-1.909668705846376,-1.909668705846376,projected
00-0036563,Deommodore Lenoir,CB,SF,26.9,6.363333333333333,8.14908088235294,-1.7857475490196073,-1.786,7.653,-1.766,-1.766,projected,5,-1.916378197128688,-1.916378197128688,projected
00-0039737,Tip Reiman,TE,ARI,25.0,0.756,4.209742647058824,-3.4537426470588235,-3.454,0.354,-2.935,-2.935,projected,2,-1.923443548422651,-1.923443548422651,projected
00-0037805,Jeremy Ruckert,TE,NYJ,26.1,1.5861538461538462,4.209742647058824,-2.6235888009049777,-2.624,1.207,-2.082,-2.082,projected,4,-1.9481376872914107,-1.9481376872914107,projected
00-0036260,Javon Kinlaw,IL,WAS,29.0,4.130989583333333,5.966323529411765,-1.835333946078432,-1.835,4.624,-1.885,-1.885,projected,6,-1.9483204134366925,-1.9483204134366925,projected
00-0040522,Xavier Restrepo,WR,TEN,24.4,2.2,4.975,-2.7749999999999995,-2.775,,,-2.1125714285714317,rank_imputed,1,-1.9494421125899082,-1.9494421125899082,rank_imputed
00-0039751,Jordan Whittington,WR,LA,26.0,2.8049999999999997,4.975,-2.17,-2.17,1.625,-2.195,-2.195,projected,2,-1.9564697345132742,-1.9564697345132742,projected
00-0036628,John Bates,TE,WAS,28.9,1.542051282051282,4.209742647058824,-2.667691365007542,-2.668,1.452,-1.836,-1.836,projected,5,-1.9596123468385773,-1.9596123468385773,projected
00-0036479,Kwity Paye,EDR,IND,27.8,4.6675,5.966323529411765,-1.2988235294117647,-1.299,4.658,-1.852,-1.852,projected,5,-1.9670738183749337,-1.9670738183749337,projected
00-0036366,Neville Gallimore,IL,IND,29.7,3.910909090909091,5.966323529411765,-2.055414438502674,-2.055,4.647,-1.862,-1.862,projected,6,-1.9708917703096058,-1.9708917703096058,projected
00-0038398,Karl Brooks,IL,GB,26.4,3.081534090909091,5.966323529411765,-2.884789438502674,-2.885,4.429,-2.081,-2.081,projected,3,-1.9781368821292775,-1.9781368821292775,projected
00-0038549,DJ Turner II,CB,CIN,25.9,5.505,8.14908088235294,-2.6440808823529407,-2.644,7.509,-1.91,-1.91,projected,5,-1.9837354465481962,-1.9837354465481962,projected
00-0040668,Shedeur Sanders,QB,CLE,24.6,10.5125,12.743431372549018,-2.230931372549019,-2.231,4.532,-4.922,-4.922,projected,1,-1.9869828231591193,-1.9869828231591193,projected
00-0039050,Payne Durham,TE,TB,26.3,1.8470000000000002,4.209742647058824,-2.3627426470588233,-2.363,1.017,-2.272,-2.272,projected,3,-1.9890373828843277,-1.9890373828843277,projected
00-0040218,Jimmy Horn Jr.,WR,CAR,24.0,1.7090909090909092,4.975,-3.2659090909090907,-3.266,1.205,-2.615,-2.615,projected,1,-2.001043601095339,-2.001043601095339,projected
00-0034473,Dennis Gardeck,EDR,JAX,32.1,6.165494791666667,5.966323529411765,0.199171262254902,0.17,4.882,-1.628,-1.628,projected,8,-2.030558154038042,-2.030558154038042,projected
00-0036222,Isaiah Rodgers,CB,MIN,28.7,5.84485294117647,8.14908088235294,-2.304227941176471,-2.304,7.696,-1.723,-1.723,projected,6,-2.0337822684403735,-2.0337822684403735,projected
00-0030564,DeAndre Hopkins,WR,BAL,34.3,3.7352321981424152,4.975,-1.2397678018575844,-1.24,,,-1.1544999999999934,rank_imputed,13,-2.040077044052929,-2.040077044052929,rank_imputed
00-0036292,Jaylon Johnson,CB,CHI,27.4,4.8732026143790845,8.14908088235294,-3.275878267973856,-3.276,7.57,-1.85,-1.85,projected,6,-2.0535476423053014,-2.0535476423053014,projected
00-0039062,Jonathan Mingo,WR,DAL,25.4,0.7605,4.975,-4.214499999999999,-4.214,1.035,-2.785,-2.785,projected,3,-2.056216105957874,-2.056216105957874,projected
00-0037085,Tyler Badie,RB,DEN,27.6,1.4484375000000003,5.395277777777778,-3.946840277777778,-3.947,0.333,-2.569,-2.569,projected,4,-2.0613222688936665,-2.0613222688936665,projected
00-0034981,Foster Moreau,TE,NO,29.4,2.3511904761904763,4.209742647058824,-1.8585521708683475,-1.859,1.382,-1.906,-1.906,projected,7,-2.071018776077886,-2.071018776077886,projected
00-0037557,Ronnie Rivers,RB,LA,27.6,1.8483333333333336,5.395277777777778,-3.5469444444444447,-3.547,0.887,-2.015,-2.015,projected,4,-2.08264428642302,-2.08264428642302,projected
00-0040660,Mykel Williams,EDR,SF,22.2,3.84375,5.966323529411765,-2.122573529411765,-2.123,4.162,-2.348,-2.348,projected,1,-2.0898976412995105,-2.0898976412995105,projected
00-0037348,Tanner Conner,TE,NYG,28.5,1.2610714285714286,4.209742647058824,-2.9486712184873953,-2.949,1.303,-1.986,-1.986,projected,4,-2.090086297621553,-2.090086297621553,projected
00-0040556,Corey Kiner,RB,ARI,24.7,1.8750000000000002,5.395277777777778,-3.5202777777777783,-3.52,0.756,-2.146,-2.146,projected,1,-2.090823176375452,-2.090823176375452,projected
00-0037329,Brittain Brown,RB,CHI,28.9,9.7,5.395277777777778,4.304722222222221,4.092,0.819,-2.083,-2.083,projected,4,-2.097296781528588,-2.097296781528588,projected
00-0039809,Jonah Elliss,EDR,DEN,23.5,4.233203125,5.966323529411765,-1.733120404411765,-1.733,4.238,-2.272,-2.272,projected,2,-2.101271676300578,-2.101271676300578,projected
00-0033945,Samson Ebukam,EDR,IND,31.4,4.076923076923077,5.966323529411765,-1.8894004524886885,-1.889,4.772,-1.738,-1.738,projected,9,-2.1079442086112796,-2.1079442086112796,projected
00-0037137,Josh Jobe,CB,SEA,28.4,6.254513888888889,8.14908088235294,-1.8945669934640517,-1.895,7.601,-1.818,-1.818,projected,4,-2.114986388701459,-2.114986388701459,projected
00-0040694,Darius Alexander,IL,NYG,26.1,4.0875,5.966323529411765,-1.8788235294117648,-1.879,4.255,-2.255,-2.255,projected,1,-2.1238521309159406,-2.1238521309159406,projected
00-0040724,T.J. Sanders,IL,BUF,23.1,2.35,5.966323529411765,-3.616323529411765,-3.616,4.047,-2.463,-2.463,projected,1,-2.1246495579038176,-2.1246495579038176,projected
00-0039006,Felix Anudike-Uzomah,EDR,KC,24.6,3.671875,5.966323529411765,-2.294448529411765,-2.294,4.276,-2.233,-2.233,projected,3,-2.1358201817312295,-2.1358201817312295,projected
00-0033555,Mack Hollins,WR,NE,33.0,5.293930921052632,4.975,0.3189309210526323,0.264,2.461,-1.359,-1.359,projected,9,-2.143871273071462,-2.143871273071462,projected
00-0040237,Tez Johnson,WR,TB,24.3,4.48,4.975,-0.4949999999999992,-0.495,1.275,-2.545,-2.545,projected,1,-2.150546133578573,-2.150546133578573,projected
00-0032759,Sheldon Rankins,IL,HOU,32.5,4.0926470588235295,5.966323529411765,-1.8736764705882356,-1.874,4.67,-1.84,-1.84,projected,10,-2.1551976573938507,-2.1551976573938507,projected
00-0039815,Tyrice Knight,LB,SEA,26.7,6.767003676470589,7.5,-0.7329963235294112,-0.733,3.878,-2.15,-2.15,projected,2,-2.174198833011417,-2.174198833011417,projected
00-0037758,Cordale Flott,CB,NYG,25.1,5.360714285714286,8.14908088235294,-2.788366596638655,-2.788,7.234,-2.185,-2.185,projected,4,-2.194061473887154,-2.194061473887154,projected
00-0039380,Chau Smith-Wade,CB,CAR,24.0,5.828125,8.14908088235294,-2.3209558823529406,-2.321,6.807,-2.612,-2.612,projected,2,-2.22490295784116,-2.22490295784116,projected
00-0036429,Charlie Woerner,TE,ATL,28.9,0.8385416666666669,4.209742647058824,-3.3712009803921568,-3.371,1.195,-2.094,-2.094,projected,6,-2.234982709302822,-2.234982709302822,projected
00-0040590,Konata Mumpfield,WR,LA,23.9,1.5583333333333336,4.975,-3.416666666666666,-3.417,1.17,-2.65,-2.65,projected,1,-2.248199096999548,-2.248199096999548,projected
00-0038783,Nate Adkins,TE,DEN,27.2,1.978392857142857,4.209742647058824,-2.2313497899159667,-2.231,1.052,-2.236,-2.236,projected,3,-2.2509462833212535,-2.2509462833212535,projected
00-0038623,Dante Stills,EDR,ARI,26.8,3.604017857142857,5.966323529411765,-2.362305672268908,-2.362,4.314,-2.196,-2.196,projected,3,-2.254620123203286,-2.254620123203286,projected
00-0040756,Shemar Stewart,EDR,CIN,22.8,3.1666666666666665,5.966323529411765,-2.7996568627450986,-2.8,4.004,-2.505,-2.505,projected,1,-2.2690217391304346,-2.2690217391304346,projected
00-0033699,Austin Ekeler,RB,WAS,31.3,5.485333333333333,5.395277777777778,0.09005555555555489,0.079,,,-2.0258,rank_imputed,9,-2.270032832442487,-2.270032832442487,rank_imputed
00-0038710,Blake Whiteheart,TE,CLE,26.5,0.5416666666666666,4.209742647058824,-3.668075980392157,-3.668,0.981,-2.308,-2.308,projected,3,-2.2703128073972065,-2.2703128073972065,projected
00-0035631,Drew Sample,TE,CIN,30.4,1.644090909090909,4.209742647058824,-2.5656517379679147,-2.566,1.274,-2.015,-2.015,projected,7,-2.2713950762016415,-2.2713950762016415,projected
00-0032104,Ameer Abdullah,RB,IND,33.3,3.566121794871795,5.395277777777778,-1.8291559829059834,-1.829,0.952,-1.951,-1.951,projected,11,-2.2904168770030875,-2.2904168770030875,projected
00-0037667,Kerby Joseph,FS,DET,25.8,7.7972222222222225,8.14908088235294,-0.3518586601307181,-0.352,7.008,-2.411,-2.411,projected,4,-2.29715309272457,-2.29715309272457,projected
00-0039810,Jermaine Burton,WR,CIN,25.2,2.7750000000000004,4.975,-2.1999999999999993,-2.2,,,-3.3030000000000004,rank_imputed,2,-2.29865546220132,-2.29865546220132,rank_imputed
00-0037004,Hunter Long,TE,JAX,28.1,2.276517857142857,4.209742647058824,-1.933224789915967,-1.933,1.073,-2.216,-2.216,projected,5,-2.2999958483829452,-2.2999958483829452,projected
00-0037288,Christian Benford,CB,BUF,26.0,6.772222222222222,8.14908088235294,-1.3768586601307184,-1.377,7.197,-2.222,-2.222,projected,4,-2.3177219150933555,-2.3177219150933555,projected
00-0040363,Keleki Latu,TE,BUF,24.1,1.95,4.209742647058824,-2.2597426470588236,-2.26,0.747,-2.542,-2.542,projected,1,-2.3187506841317913,-2.3187506841317913,projected
00-0037304,Connor Heyward,TE,PIT,27.6,2.201545454545455,4.209742647058824,-2.008197192513369,-2.008,0.979,-2.31,-2.31,projected,4,-2.3319893155834848,-2.3319893155834848,projected
00-0037282,James Mitchell,TE,CAR,27.1,1.0333333333333334,4.209742647058824,-3.1764093137254905,-3.176,0.924,-2.365,-2.365,projected,4,-2.33389103537869,-2.33389103537869,projected
00-0038589,Josh Whyle,TE,GB,27.0,1.8521428571428573,4.209742647058824,-2.3575997899159664,-2.358,0.645,-2.643,-2.643,projected,3,-2.350997914691943,-2.350997914691943,projected
00-0033217,Mo Alie-Cox,TE,IND,33.0,1.761477272727273,4.209742647058824,-2.448265374331551,-2.448,1.404,-1.885,-1.885,projected,9,-2.353896103896104,-2.353896103896104,projected
00-0034573,Charvarius Ward,CB,IND,30.3,6.03452380952381,8.14908088235294,-2.1145570728291307,-2.115,7.573,-1.846,-1.846,projected,8,-2.3633035039879147,-2.3633035039879147,projected
00-0036527,DJ Turner,WR,LV,29.7,3.2700000000000005,4.975,-1.7049999999999992,-1.705,7.509,-1.91,-1.91,projected,5,-2.3682872695259705,-2.3682872695259705,projected
00-0036527,DJ Turner,CB,LV,29.7,1.125,8.14908088235294,-7.024080882352941,-7.024,7.509,-1.91,-1.91,projected,5,-2.370050503170408,-2.370050503170408,projected
00-0032387,Jarran Reed,IL,SEA,33.7,3.8975,5.966323529411765,-2.068823529411765,-2.069,4.576,-1.934,-1.934,projected,10,-2.3737342743172754,-2.3737342743172754,projected
00-0037815,Cameron Thomas,EDR,CLE,26.2,3.429659090909091,5.966323529411765,-2.536664438502674,-2.537,4.149,-2.361,-2.361,projected,4,-2.3764469048817314,-2.3764469048817314,projected
00-0040672,Tyleik Williams,IL,DET,23.6,2.4583333333333335,5.966323529411765,-3.5079901960784317,-3.508,3.787,-2.723,-2.723,projected,1,-2.3823272090988623,-2.3823272090988623,projected
00-0033928,Jourdan Lewis,CB,JAX,31.0,6.333333333333334,8.14908088235294,-1.8157475490196067,-1.816,7.627,-1.792,-1.792,projected,9,-2.382345120978463,-2.382345120978463,projected
00-0037289,Malcolm Rodriguez,LB,DET,27.5,4.209444444444444,7.5,-3.2905555555555557,-3.291,3.701,-2.327,-2.327,projected,4,-2.383854940326794,-2.383854940326794,projected
00-0034798,Durham Smythe,TE,CHI,31.1,0.621923076923077,4.209742647058824,-3.5878195701357467,-3.588,1.228,-2.061,-2.061,projected,8,-2.385748020558411,-2.385748020558411,projected
00-0037157,Bam Knight,RB,ARI,25.4,7.3100000000000005,5.395277777777778,1.9147222222222222,2.021,0.485,-2.417,-2.417,projected,4,-2.3879151929498703,-2.3879151929498703,projected
00-0035933,Michael Hoecht,EDR,BUF,28.9,6.5934027777777775,5.966323529411765,0.6270792483660124,0.596,,,-2.1685000000000003,rank_imputed,6,-2.394148495721778,-2.394148495721778,rank_imputed
00-0040582,Arian Smith,WR,NYJ,24.9,0.6,4.975,-4.375,-4.375,0.207,-3.613,-3.613,projected,1,-2.397707471949372,-2.397707471949372,projected
00-0039266,Kendall Milton,RB,CIN,24.6,0.2,5.395277777777778,-5.195277777777778,-5.195,0.424,-2.479,-2.479,projected,2,-2.41049376713794,-2.41049376713794,projected
00-0036909,Khyiris Tonga,IL,NE,30.2,2.6905357142857147,5.966323529411765,-3.2757878151260504,-3.276,4.269,-2.24,-2.24,projected,5,-2.412493268712978,-2.412493268712978,projected
00-0033857,JuJu Smith-Schuster,WR,KC,29.8,2.901875,4.975,-2.0731249999999997,-2.073,1.886,-1.934,-1.934,projected,9,-2.4136984249806557,-2.4136984249806557,projected
00-0039757,Terrell Jennings,RB,NE,25.7,2.4365,5.395277777777778,-2.958777777777778,-2.959,0.455,-2.448,-2.448,projected,2,-2.433181922094445,-2.433181922094445,projected
00-0037384,Ja'Quan McMillian,CB,DEN,26.3,7.611111111111112,8.14908088235294,-0.537969771241829,-0.538,7.112,-2.307,-2.307,projected,4,-2.4378903319208294,-2.4378903319208294,projected
00-0039734,Braden Fiske,IL,LA,26.7,4.732483552631579,5.966323529411765,-1.2338399767801862,-1.234,3.969,-2.541,-2.541,projected,2,-2.437994722955145,-2.437994722955145,projected
00-0040058,Nick Kallerup,TE,SEA,25.5,0.0,4.209742647058824,-4.209742647058824,-4.21,0.729,-2.56,-2.56,projected,1,-2.4385597256620306,-2.4385597256620306,projected
00-0034465,Jeremy Reaves,S,WAS,30.0,7.470588235294118,8.14908088235294,-0.6784926470588228,-0.678,7.269,-2.15,-2.15,projected,8,-2.454057755963931,-2.454057755963931,projected
00-0033376,Patrick Ricard,IL,BAL,32.3,1.5,5.966323529411765,-4.466323529411765,-4.466,0.782,-2.121,-2.121,projected,9,-2.4655623365300783,-2.4655623365300783,projected
00-0036989,Malcolm Koonce,EDR,LV,28.3,4.201923076923077,5.966323529411765,-1.7644004524886885,-1.764,4.224,-2.286,-2.286,projected,5,-2.4706835990272897,-2.4706835990272897,projected
00-0033455,Anthony Firkser,TE,DET,31.6,1.2200000000000002,4.209742647058824,-2.9897426470588235,-2.99,1.195,-2.094,-2.094,projected,9,-2.47143801340761,-2.47143801340761,projected
00-0039816,Anthony Gould,WR,IND,25.4,1.1,4.975,-3.8749999999999996,-3.875,0.674,-3.146,-3.146,projected,2,-2.473313650675433,-2.473313650675433,projected
00-0037237,Derek Stingley Jr.,CB,HOU,25.2,6.628717320261438,8.14908088235294,-1.5203635620915028,-1.52,6.953,-2.466,-2.466,projected,4,-2.4865388105753525,-2.4865388105753525,projected
00-0036590,Quintin Morris,TE,JAX,27.7,2.28,4.209742647058824,-1.929742647058824,-1.93,0.857,-2.432,-2.432,projected,5,-2.4898644498136693,-2.4898644498136693,projected
00-0035942,Christian Rozeboom,LB,CAR,29.6,10.218055555555555,7.5,2.718055555555555,2.526,3.675,-2.353,-2.353,projected,6,-2.495863210148925,-2.495863210148925,projected
00-0036842,Kene Nwangwu,RB,NYJ,28.6,1.5925000000000002,5.395277777777778,-3.802777777777778,-3.803,0.513,-2.39,-2.39,projected,5,-2.5231730748928447,-2.5231730748928447,projected
00-0038653,Cory Durden,IL,NE,27.6,2.322222222222222,5.966323529411765,-3.644101307189543,-3.644,3.953,-2.557,-2.557,projected,3,-2.524185587364265,-2.524185587364265,projected
00-0038938,Jalin Hyatt,WR,NYG,25.0,0.765,4.975,-4.21,-4.21,,,-3.232,rank_imputed,3,-2.525243586951129,-2.525243586951129,rank_imputed
00-0036626,Dyami Brown,WR,JAX,26.9,3.1895707070707076,4.975,-1.785429292929292,-1.785,1.404,-2.416,-2.416,projected,5,-2.535338377425414,-2.535338377425414,projected
00-0031270,Shelby Harris,IL,CLE,35.1,3.089338235294117,5.966323529411765,-2.876985294117648,-2.877,4.549,-1.96,-1.96,projected,12,-2.5479363015924603,-2.5479363015924603,projected
00-0036924,Michael Carter,RB,ARI,27.4,6.486666666666667,5.395277777777778,1.091388888888889,1.086,,,-2.4839999999999995,rank_imputed,5,-2.556660285308466,-2.556660285308466,rank_imputed
00-0037799,Dondrea Tillman,EDR,DEN,28.4,4.525877192982456,5.966323529411765,-1.440446336429309,-1.44,4.149,-2.361,-2.361,projected,6,-2.5607375271149677,-2.5607375271149677,projected
00-0039829,Darius Muasau,LB,NYG,25.6,5.503541666666667,7.5,-1.996458333333333,-1.996,3.436,-2.592,-2.592,projected,2,-2.5756190627608415,-2.5756190627608415,projected
00-0039718,Bo Richter,OLB,MIN,26.1,1.7607142857142857,7.5,-5.739285714285714,-5.739,3.938,-2.572,-2.572,projected,2,-2.576095992628279,-2.576095992628279,projected
00-0033307,Kendrick Bourne,WR,SF,31.1,3.7117500000000003,4.975,-1.2632499999999993,-1.263,1.929,-1.891,-1.891,projected,9,-2.578859083284466,-2.578859083284466,projected
00-0037112,Jake Tonges,TE,SF,27.2,6.236363636363635,4.209742647058824,2.0266209893048117,2.03,0.719,-2.57,-2.57,projected,4,-2.5871788676814043,-2.5871788676814043,projected
00-0037594,Julius Chestnut,RB,TEN,25.9,0.9464285714285714,5.395277777777778,-4.448849206349207,-4.449,0.293,-2.609,-2.609,projected,4,-2.6037144596469166,-2.6037144596469166,projected
00-0039763,Joe Andreessen,LB,BUF,26.6,3.6372916666666666,7.5,-3.8627083333333334,-3.863,3.445,-2.583,-2.583,projected,2,-2.6078791672556187,-2.6078791672556187,projected
00-0032464,Kalif Raymond,WR,DET,32.1,3.370606060606061,4.975,-1.6043939393939386,-1.604,2.044,-1.776,-1.776,projected,10,-2.6080444072426103,-2.6080444072426103,projected
00-0035243,Miles Sanders,RB,DAL,29.4,4.909204545454546,5.395277777777778,-0.48607323232323196,-0.486,,,-2.4332,rank_imputed,7,-2.6135899804507075,-2.6135899804507075,rank_imputed
00-0039733,Ruke Orhorhoro,IL,ATL,24.9,2.146484375,5.966323529411765,-3.819839154411765,-3.82,3.632,-2.878,-2.878,projected,2,-2.614580967522144,-2.614580967522144,projected
00-0040580,Josaiah Stewart,EDR,LA,23.4,2.763888888888889,5.966323529411765,-3.2024346405228763,-3.202,3.672,-2.838,-2.838,projected,1,-2.6168741355463347,-2.6168741355463347,projected
00-0038782,Eku Leota,LB,ARI,27.4,2.1937499999999996,7.5,-5.30625,-5.306,3.468,-2.56,-2.56,projected,3,-2.618282979115102,-2.618282979115102,projected
00-0036305,Trevis Gipson,EDR,CAR,29.3,1.669318181818182,5.966323529411765,-4.297005347593583,-4.297,4.155,-2.355,-2.355,projected,6,-2.6379165499859987,-2.6379165499859987,projected
00-0034371,Da'Shawn Hand,IL,LAC,30.8,3.670398351648352,5.966323529411765,-2.2959251777634133,-2.296,4.107,-2.403,-2.403,projected,8,-2.6435643564356437,-2.6435643564356437,projected
00-0039031,Adetomiwa Adebawore,IL,IND,25.5,3.371875,5.966323529411765,-2.594448529411765,-2.594,3.647,-2.863,-2.863,projected,3,-2.6478612716763004,-2.6478612716763004,projected
00-0038752,Jake Bobo,WR,SEA,28.1,2.4739772727272733,4.975,-2.5010227272727263,-2.501,1.461,-2.36,-2.36,projected,3,-2.651178988283137,-2.651178988283137,projected
00-0039623,Mason Tipton,WR,NO,26.0,1.468611111111111,4.975,-3.5063888888888886,-3.506,1.164,-2.656,-2.656,projected,2,-2.656,-2.656,projected
00-0039530,Brevyn Spann-Ford,TE,DAL,26.7,1.5993333333333335,4.209742647058824,-2.6104093137254902,-2.61,0.6,-2.689,-2.689,projected,2,-2.662481682442869,-2.662481682442869,projected
00-0035594,Travis Homer,RB,CHI,28.1,0.19375000000000003,5.395277777777778,-5.201527777777779,-5.202,0.342,-2.561,-2.561,projected,7,-2.6750368196204186,-2.6750368196204186,projected
00-0036986,Nahshon Wright,CB,CHI,28.0,8.276315789473685,8.14908088235294,0.12723490712074437,0.124,7.067,-2.353,-2.353,projected,5,-2.6857664650154094,-2.6857664650154094,projected
00-0026190,Calais Campbell,IL,ARI,40.0,5.414705882352941,5.966323529411765,-0.5516176470588245,-0.552,4.866,-1.644,-1.644,projected,18,-2.6950819672131145,-2.6950819672131145,projected
00-0038123,Dane Belton,S,NYG,25.8,8.377997737556562,8.14908088235294,0.2289168552036216,0.239,6.569,-2.85,-2.85,projected,4,-2.715423606082549,-2.715423606082549,projected
00-0037086,Grant Calcaterra,TE,PHI,27.8,2.145625,4.209742647058824,-2.064117647058824,-2.064,0.606,-2.683,-2.683,projected,4,-2.726726884782087,-2.726726884782087,projected
00-0037034,Dee Alford,CB,ATL,28.9,8.849114583333334,8.14908088235294,0.7000337009803932,0.665,7.131,-2.289,-2.289,projected,6,-2.728475558151455,-2.728475558151455,projected
00-0040075,LaJohntay Wester,WR,BAL,24.5,-1.5,4.975,-6.475,-6.475,0.411,-3.41,-3.41,projected,1,-2.7624721102434378,-2.7624721102434378,projected
00-0039365,Jacob Cowing,WR,SF,25.6,3.033333333333333,4.975,-1.9416666666666664,-1.942,0.376,-3.445,-3.445,projected,2,-2.7637199636212215,-2.7637199636212215,projected
00-0039861,Tyler Nubin,S,NYG,25.3,8.545192307692307,8.14908088235294,0.3961114253393667,0.419,5.842,-3.578,-3.578,projected,2,-2.7664690780314145,-2.7664690780314145,projected
00-0040578,James Pearce Jr.,EDR,ATL,22.9,7.026785714285714,5.966323529411765,1.0604621848739493,1.199,3.463,-3.046,-3.046,projected,1,-2.7672041789688846,-2.7672041789688846,projected
00-0036302,Jaylinn Hawkins,S,NE,29.1,5.8744736842105265,8.14908088235294,-2.274607198142414,-2.275,6.884,-2.535,-2.535,projected,6,-2.775739923571343,-2.775739923571343,projected
00-0036901,Eric Stokes,CB,LV,27.5,4.1859375,8.14908088235294,-3.963143382352941,-3.963,6.925,-2.494,-2.494,projected,5,-2.7811541678282694,-2.7811541678282694,projected
00-0037208,Jack Cochrane,LB,KC,27.6,1.843181818181818,7.5,-5.656818181818182,-5.657,3.31,-2.718,-2.718,projected,4,-2.78895091118043,-2.78895091118043,projected
00-0040720,Jahdae Barron,CB,DEN,24.8,3.59375,8.14908088235294,-4.555330882352941,-4.555,4.628,-4.791,-4.791,projected,1,-2.8050505405351807,-2.8050505405351807,projected
00-0036876,Kylen Granson,TE,PHI,28.5,1.25375,4.209742647058824,-2.9559926470588236,-2.956,0.615,-2.674,-2.674,projected,5,-2.8141443906545986,-2.8141443906545986,projected
00-0038728,Jared Wayne,WR,HOU,25.9,1.4300000000000002,4.975,-3.5449999999999995,-3.545,0.99,-2.831,-2.831,projected,3,-2.8162709031763873,-2.8162709031763873,projected
00-0040488,Carter Runyon,TE,LV,25.1,0.4,4.209742647058824,-3.809742647058824,-3.81,0.29,-2.999,-2.999,projected,1,-2.821048274824096,-2.821048274824096,projected
00-0035637,Rock Ya-Sin,CB,DET,30.3,3.658928571428571,8.14908088235294,-4.490152310924369,-4.49,7.213,-2.206,-2.206,projected,7,-2.824186094148071,-2.824186094148071,projected
00-0038720,Julian Hill,TE,MIA,26.2,1.2404545454545455,4.209742647058824,-2.9692881016042785,-2.969,0.363,-2.926,-2.926,projected,3,-2.850296134663342,-2.850296134663342,projected
00-0033093,Jonathan Bullard,IL,NO,32.9,2.561111111111111,5.966323529411765,-3.4052124183006542,-3.405,4.113,-2.397,-2.397,projected,10,-2.851025869759143,-2.851025869759143,projected
00-0037665,Sam Williams,EDR,DAL,27.5,4.016666666666667,5.966323529411765,-1.9496568627450985,-1.95,3.782,-2.728,-2.728,projected,4,-2.8678055190538765,-2.8678055190538765,projected
00-0038809,Ben Sims,TE,MIN,26.3,1.1175,4.209742647058824,-3.092242647058824,-3.092,0.354,-2.935,-2.935,projected,3,-2.868339783433017,-2.868339783433017,projected
00-0038111,Kyler Gordon,CB,CHI,26.7,6.942083333333334,8.14908088235294,-1.206997549019607,-1.207,6.746,-2.673,-2.673,projected,4,-2.8748427064175783,-2.8748427064175783,projected
00-0040628,Drake Dabney,TE,GB,24.3,0.4,4.209742647058824,-3.809742647058824,-3.81,0.152,-3.137,-3.137,projected,1,-2.878932491465071,-2.878932491465071,projected
00-0037306,John FitzPatrick,TE,GB,26.5,1.041,4.209742647058824,-3.168742647058824,-3.169,0.335,-2.954,-2.954,projected,4,-2.8830615635987633,-2.8830615635987633,projected
00-0040563,Efton Chism III,WR,NE,24.9,5.3,4.975,0.3250000000000002,0.348,0.768,-3.053,-3.053,projected,1,-2.8869157376150083,-2.8869157376150083,projected
00-0037539,Lucas Krull,TE,DEN,28.2,1.1061363636363635,4.209742647058824,-3.1036062834224603,-3.104,0.517,-2.772,-2.772,projected,4,-2.8870188301949673,-2.8870188301949673,projected
00-0040641,Darien Porter,CB,LV,25.7,5.340909090909091,8.14908088235294,-2.8081717914438498,-2.808,5.098,-4.322,-4.322,projected,1,-2.8882688360502113,-2.8882688360502113,projected
00-0033955,Jeremy McNichols,RB,WAS,30.7,3.416875,5.395277777777778,-1.9784027777777782,-1.978,0.284,-2.618,-2.618,projected,9,-2.8941288318464715,-2.8941288318464715,projected
00-0038465,Malik Heath,WR,ATL,26.5,2.5201666666666664,4.975,-2.454833333333333,-2.455,0.992,-2.828,-2.828,projected,3,-2.9039379781280483,-2.9039379781280483,projected
00-0038090,Skyy Moore,WR,SF,26.0,0.5081818181818183,4.975,-4.466818181818182,-4.467,0.696,-3.125,-3.125,projected,4,-2.9193561061946904,-2.9193561061946904,projected
00-0039648,David Martin-Robinson,TE,TEN,26.7,1.6500000000000001,4.209742647058824,-2.5597426470588234,-2.56,0.33,-2.958,-2.958,projected,2,-2.928828864509486,-2.928828864509486,projected
00-0033546,Dalvin Tomlinson,IL,ARI,32.6,2.66484375,5.966323529411765,-3.301479779411765,-3.301,4.019,-2.491,-2.491,projected,9,-2.928865373309818,-2.928865373309818,projected
00-0034613,Tanner Hudson,TE,CIN,31.8,2.8277222222222225,4.209742647058824,-1.3820204248366013,-1.382,0.826,-2.463,-2.463,projected,8,-2.9299105443471642,-2.9299105443471642,projected
00-0039244,Chris Collier,RB,LV,26.5,0.4500000000000001,5.395277777777778,-4.945277777777778,-4.945,0.0,-2.902,-2.902,projected,2,-2.9317573369702483,-2.9317573369702483,projected
00-0034365,Ian Thomas,TE,LV,30.3,1.2959523809523812,4.209742647058824,-2.9137902661064423,-2.914,0.677,-2.612,-2.612,projected,8,-2.93338124971924,-2.93338124971924,projected
00-0036196,Gabe Davis,WR,BUF,27.5,3.411111111111112,4.975,-1.5638888888888878,-1.564,,,-2.7135,rank_imputed,6,-2.944495686614942,-2.944495686614942,rank_imputed
00-0033576,Eric Saubert,TE,SEA,32.4,1.14625,4.209742647058824,-3.0634926470588235,-3.063,0.858,-2.431,-2.431,projected,9,-2.962033336582513,-2.962033336582513,projected
00-0040127,Kenneth Grant,DT,MIA,22.9,2.765625,5.966323529411765,-3.200698529411765,-3.201,3.018,-3.492,-3.492,projected,1,-2.995496461505468,-2.995496461505468,projected
00-0040165,Malachi Moore,S,NYJ,25.0,7.602941176470588,8.14908088235294,-0.5461397058823527,-0.546,5.021,-4.398,-4.398,projected,1,-2.995642268612599,-2.995642268612599,projected
00-0039589,Kameron Johnson,WR,TB,24.5,1.4391666666666671,4.975,-3.5358333333333327,-3.536,0.588,-3.232,-3.232,projected,2,-2.996893690018082,-2.996893690018082,projected
00-0039007,Garrett Williams,CB,ARI,25.3,6.481249999999999,8.14908088235294,-1.6678308823529413,-1.668,6.439,-2.98,-2.98,projected,3,-3.017385405170057,-3.017385405170057,projected
00-0036425,DeeJay Dallas,RB,JAX,28.0,1.2975,5.395277777777778,-4.097777777777778,-4.098,0.0,-2.902,-2.902,projected,6,-3.0248071711486344,-3.0248071711486344,projected
00-0039451,Isaiah Williams,WR,NYJ,25.6,1.7945000000000002,4.975,-3.1804999999999994,-3.18,0.732,-3.089,-3.089,projected,2,-3.025702307722447,-3.025702307722447,projected
00-0038573,Derius Davis,WR,LAC,26.0,0.766,4.975,-4.209,-4.209,0.376,-3.444,-3.444,projected,3,-3.047024424778761,-3.047024424778761,projected
00-0033375,Tim Patrick,WR,JAX,32.8,3.1516964285714284,4.975,-1.8233035714285712,-1.823,1.85,-1.971,-1.971,projected,9,-3.058849090570488,-3.058849090570488,projected
00-0039521,Xavier Weaver,WR,ARI,25.9,0.8016666666666667,4.975,-4.173333333333333,-4.173,0.739,-3.082,-3.082,projected,2,-3.065965003034131,-3.065965003034131,projected
00-0040352,Coleman Owen,WR,IND,25.5,0.0,4.975,-4.975,-4.975,0.672,-3.149,-3.149,projected,1,-3.068752131754617,-3.068752131754617,projected
00-0038125,Roger McCreary,CB,LA,26.6,5.45,8.14908088235294,-2.6990808823529404,-2.699,6.541,-2.878,-2.878,projected,4,-3.0816344012335106,-3.0816344012335106,projected
00-0037271,D'Marco Jackson,LB,CHI,28.2,4.208035714285714,7.5,-3.291964285714286,-3.292,3.044,-2.984,-2.984,projected,4,-3.0921638929763113,-3.0921638929763113,projected
00-0037250,Martin Emerson,CB,CLE,26.0,6.764705882352941,8.14908088235294,-1.3843749999999995,-1.384,6.452,-2.967,-2.967,projected,4,-3.0948158965265464,-3.0948158965265464,projected
00-0033870,Solomon Thomas,IL,DAL,31.1,2.649583333333333,5.966323529411765,-3.316740196078432,-3.317,3.704,-2.806,-2.806,projected,9,-3.120378092855157,-3.120378092855157,projected
00-0037259,Micah McFadden,LB,NYG,26.7,5.59375,7.5,-1.90625,-1.906,2.942,-3.086,-3.086,projected,4,-3.1207337668247592,-3.1207337668247592,projected
00-0038505,Tavius Robinson,EDR,BAL,27.7,6.521190476190476,5.966323529411765,0.5548669467787111,0.547,3.547,-2.963,-2.963,projected,3,-3.136279439005028,-3.136279439005028,projected
00-0036887,Luke Farrell,TE,SF,28.9,1.4465000000000001,4.209742647058824,-2.7632426470588234,-2.763,0.346,-2.943,-2.943,projected,5,-3.1411433206677195,-3.1411433206677195,projected
00-0032775,Demarcus Robinson,WR,SF,32.0,4.153042763157895,4.975,-0.8219572368421044,-0.822,1.663,-2.157,-2.157,projected,10,-3.1433984261148353,-3.1433984261148353,projected
00-0036944,Jaycee Horn,CB,CAR,26.8,6.425833333333333,8.14908088235294,-1.7232475490196073,-1.723,6.497,-2.922,-2.922,projected,5,-3.1566665946459826,-3.1566665946459826,projected
00-0037457,Jake Hansen,LB,HOU,28.2,2.575,7.5,-4.925,-4.925,2.972,-3.055,-3.055,projected,4,-3.1657374976684425,-3.1657374976684425,projected
00-0039754,Devin Culp,TE,TB,26.6,5.9825,4.209742647058824,1.7727573529411762,1.807,0.0,-3.289,-3.289,projected,2,-3.1679314875888958,-3.1679314875888958,projected
00-0036825,Feleipe Franks,TE,ATL,28.7,0.2816666666666667,4.209742647058824,-3.928075980392157,-3.928,0.291,-2.998,-2.998,projected,5,-3.177328415787019,-3.177328415787019,projected
00-0038824,Ryan Miller,WR,NYG,26.6,2.6975000000000002,4.975,-2.2774999999999994,-2.277,0.666,-3.154,-3.154,projected,3,-3.256178893683798,-3.256178893683798,projected
00-0037079,Riq Woolen,CB,SEA,27.4,5.476388888888889,8.14908088235294,-2.672691993464052,-2.673,6.459,-2.96,-2.96,projected,4,-3.2856762276884823,-3.2856762276884823,projected
00-0040024,Darius Cooper,WR,PHI,24.8,1.8500000000000003,4.975,-3.124999999999999,-3.125,0.327,-3.493,-3.493,projected,1,-3.286725130791524,-3.286725130791524,projected
00-0033964,Al-Quadin Muhammad,EDR,DET,31.5,5.73125,5.966323529411765,-0.23507352941176496,-0.235,3.808,-2.702,-2.702,projected,9,-3.2901065449010654,-3.2901065449010654,projected
00-0040534,Ke'Shawn Williams,WR,CIN,24.7,-0.27999999999999997,4.975,-5.255,-5.255,0.3,-3.52,-3.52,projected,1,-3.295911010402719,-3.295911010402719,projected
00-0038107,Micheal Clemons,EDR,NYJ,29.1,3.0546875,5.966323529411765,-2.911636029411765,-2.912,3.543,-2.967,-2.967,projected,4,-3.2994161801501254,-3.2994161801501254,projected
00-0037755,Jelani Woods,TE,NYJ,27.9,0.25,4.209742647058824,-3.9597426470588237,-3.96,0.0,-3.289,-3.289,projected,4,-3.3041268752016406,-3.3041268752016406,projected
00-0036463,Chris Blair,WR,ATL,28.9,0.9000000000000001,4.975,-4.074999999999999,-4.075,1.017,-2.804,-2.804,projected,6,-3.3053175061591595,-3.3053175061591595,projected
00-0039372,Jarvis Brownlee Jr.,CB,NYJ,25.2,8.14908088235294,8.14908088235294,0.0,0.0,5.829,-3.59,-3.59,projected,2,-3.3070003771149694,-3.3070003771149694,projected
00-0037082,Dominique Robinson,EDR,CHI,28.2,3.028125,5.966323529411765,-2.938198529411765,-2.938,3.43,-3.079,-3.079,projected,4,-3.3161012385568123,-3.3161012385568123,projected
00-0040731,Trey Amos,CB,WAS,24.5,4.675,8.14908088235294,-3.4740808823529408,-3.474,4.38,-5.039,-5.039,projected,1,-3.317949919169156,-3.317949919169156,projected
00-0034856,Denzel Ward,CB,CLE,29.4,5.4198660714285705,8.14908088235294,-2.72921481092437,-2.729,6.701,-2.719,-2.719,projected,8,-3.3228234834042136,-3.3228234834042136,projected
00-0038359,Xavier Smith,WR,LA,29.0,2.232878787878788,4.975,-2.7421212121212117,-2.742,1.018,-2.802,-2.802,projected,3,-3.3234491756612505,-3.3234491756612505,projected
00-0038496,Xavier Gipson,WR,NYG,25.5,-0.13250000000000017,4.975,-5.1075,-5.107,0.33,-3.491,-3.491,projected,3,-3.4020367392681385,-3.4020367392681385,projected
00-0040008,Shavon Revel Jr.,CB,DAL,24.4,6.785714285714286,8.14908088235294,-1.363366596638655,-1.363,4.395,-5.024,-5.024,projected,1,-3.4031156618981635,-3.4031156618981635,projected
00-0035891,Cody White,WR,SEA,27.8,4.925000000000001,4.975,-0.049999999999998934,-0.05,0.735,-3.086,-3.086,projected,6,-3.4067074382354887,-3.4067074382354887,projected
00-0034270,Tyler Conklin,TE,LAC,31.1,2.7020833333333334,4.209742647058824,-1.5076593137254903,-1.508,0.342,-2.947,-2.947,projected,8,-3.411353428716952,-3.411353428716952,projected
00-0040195,Denzel Burke,CB,ARI,23.8,6.517857142857143,8.14908088235294,-1.6312237394957974,-1.631,5.083,-4.336,-4.336,projected,1,-3.4172550020961165,-3.4172550020961165,projected
00-0037093,Dareke Young,WR,SEA,27.3,1.0833333333333335,4.975,-3.891666666666666,-3.892,0.596,-3.225,-3.225,projected,4,-3.430627903665814,-3.430627903665814,projected
00-0036630,Tylan Wallace,WR,BAL,27.3,2.2448333333333332,4.975,-2.7301666666666664,-2.73,0.611,-3.21,-3.21,projected,5,-3.4441690539801075,-3.4441690539801075,projected
00-0036980,Elijah Moore,WR,DEN,26.5,2.7238235294117645,4.975,-2.251176470588235,-2.251,,,-3.3739999999999997,rank_imputed,5,-3.4645992709349485,-3.4645992709349485,rank_imputed
00-0036741,Jack Stoll,TE,NO,28.6,1.12,4.209742647058824,-3.0897426470588236,-3.09,0.0,-3.289,-3.289,projected,5,-3.473513011152417,-3.473513011152417,projected
00-0037091,Bo Melton,CB,GB,27.3,1.125,8.14908088235294,-7.024080882352941,-7.024,0.671,-3.15,-3.15,projected,4,-3.480624523485928,-3.480624523485928,projected
00-0040326,Branson Combs,LB,JAX,26.2,1.9285714285714286,7.5,-5.571428571428571,-5.571,2.535,-3.493,-3.493,projected,1,-3.5041431752974455,-3.5041431752974455,projected
00-0033579,Xavier Woods,S,TEN,31.1,7.233382352941176,8.14908088235294,-0.915698529411765,-0.916,6.507,-2.912,-2.912,projected,9,-3.5056039100966694,-3.5056039100966694,projected
00-0038840,Brycen Tremayne,WR,CAR,26.8,1.1494444444444445,4.975,-3.825555555555555,-3.826,0.445,-3.375,-3.375,projected,3,-3.5223762210904233,-3.5223762210904233,projected
00-0038839,Mitchell Tinsley,WR,CIN,27.0,3.0500000000000003,4.975,-1.9249999999999994,-1.925,,,-3.3385,rank_imputed,3,-3.522739263480004,-3.522739263480004,rank_imputed
00-0037839,Cobie Durant,CB,LA,28.6,5.594779411764706,8.14908088235294,-2.5543014705882348,-2.554,6.402,-3.017,-3.017,projected,4,-3.5439082836066342,-3.5439082836066342,projected
00-0035500,Greg Dortch,WR,ARI,28.3,3.7529411764705882,4.975,-1.2220588235294114,-1.222,,,-3.1188571428571445,rank_imputed,7,-3.545324189627428,-3.545324189627428,rank_imputed
00-0033246,Johnny Mundt,TE,JAX,31.8,1.4865909090909093,4.209742647058824,-2.7231517379679144,-2.723,0.303,-2.985,-2.985,projected,9,-3.550866006851922,-3.550866006851922,projected
00-0027962,Cameron Jordan,IL,NO,37.2,6.04375,5.966323529411765,0.07742647058823504,0.054,4.011,-2.499,-2.499,projected,15,-3.564907275320971,-3.564907275320971,projected
00-0037231,Kevin Austin Jr.,WR,NO,26.5,3.473375,4.975,-1.5016249999999998,-1.502,0.349,-3.472,-3.472,projected,4,-3.565230785028495,-3.565230785028495,projected
00-0031484,Chris Manhertz,TE,NYG,34.4,1.07375,4.209742647058824,-3.1359926470588237,-3.136,0.581,-2.708,-2.708,projected,11,-3.589988333863612,-3.589988333863612,projected
00-0040506,Myles Price,WR,MIN,24.8,-2.3333333333333335,4.975,-7.308333333333334,-7.308,0.0,-3.82,-3.82,projected,1,-3.594414543264707,-3.594414543264707,projected
00-0036646,Simi Fehoko,WR,ARI,28.9,2.24,4.975,-2.7349999999999994,-2.735,0.759,-3.062,-3.062,projected,5,-3.60944443789563,-3.60944443789563,projected
00-0035378,Andrew Wingard,S,JAX,29.8,6.247977941176471,8.14908088235294,-1.90110294117647,-1.901,6.225,-3.195,-3.195,projected,7,-3.612782124926501,-3.612782124926501,projected
00-0040011,Shemar James,LB,DAL,22.2,7.678571428571429,7.5,0.17857142857142883,0.206,2.162,-3.866,-3.866,projected,1,-3.6457252786631718,-3.6457252786631718,projected
00-0038640,Jalen Brooks,WR,ARI,26.4,1.83125,4.975,-3.14375,-3.144,0.175,-3.645,-3.645,projected,3,-3.667893679665324,-3.667893679665324,projected
00-0036682,Malik Herring,EDR,KC,28.9,2.0416666666666665,5.966323529411765,-3.9246568627450986,-3.925,3.177,-3.333,-3.333,projected,5,-3.6798233508142424,-3.6798233508142424,projected
00-0037602,Sam Okuayinonu,EDR,SF,28.4,4.34765625,5.966323529411765,-1.6186672794117651,-1.619,3.082,-3.428,-3.428,projected,4,-3.7180043383947936,-3.7180043383947936,projected
00-0037512,Isaiah Pola-Mao,S,LV,27.2,7.59016544117647,8.14908088235294,-0.5589154411764703,-0.559,5.715,-3.704,-3.704,projected,4,-3.7348498598422974,-3.7348498598422974,projected
00-0040192,Jordan Hancock,FS,BUF,23.1,3.0,8.14908088235294,-5.149080882352941,-5.149,4.176,-5.243,-5.243,projected,1,-3.77016227703756,-3.77016227703756,projected
00-0036374,L'Jarius Sneed,CB,TEN,29.7,5.582857142857144,8.14908088235294,-2.566223739495797,-2.566,6.379,-3.04,-3.04,projected,6,-3.772226978868084,-3.772226978868084,projected
00-0037524,Tay Martin,WR,WAS,28.8,4.6625,4.975,-0.3125,-0.312,0.596,-3.224,-3.224,projected,4,-3.7771217020478938,-3.7771217020478938,projected
00-0036362,Willie Gay Jr.,LB,MIA,28.6,3.853409090909091,7.5,-3.646590909090909,-3.647,2.399,-3.629,-3.629,projected,6,-3.785492249598398,-3.785492249598398,projected
00-0039417,Myles Harden,CB,CLE,24.8,2.9828125,8.14908088235294,-5.166268382352941,-5.166,5.489,-3.93,-3.93,projected,2,-3.801904137821594,-3.801904137821594,projected
00-0038519,Nikko Remigio,WR,KC,26.9,1.9612500000000002,4.975,-3.0137499999999995,-3.014,0.19,-3.631,-3.631,projected,3,-3.8103533313045026,-3.8103533313045026,projected
00-0038679,Tyrell Shavers,WR,BUF,27.1,6.653636363636363,4.975,1.6786363636363637,1.686,0.199,-3.622,-3.622,projected,3,-3.8430931488535447,-3.8430931488535447,projected
00-0036996,Greg Newsome II,CB,JAX,26.3,4.783854166666666,8.14908088235294,-3.3652267156862745,-3.365,5.771,-3.648,-3.648,projected,5,-3.854973528759075,-3.854973528759075,projected
00-0039825,Jaden Hicks,S,KC,24.1,4.125625,8.14908088235294,-4.02345588235294,-4.023,4.712,-4.707,-4.707,projected,2,-3.856341798762246,-3.856341798762246,projected
00-0038493,Claudin Cherelus,LB,CAR,27.6,4.49625,7.5,-3.00375,-3.004,2.229,-3.799,-3.799,projected,3,-3.8981694303070102,-3.8981694303070102,projected
00-0036941,Andre Cisco,S,NYJ,26.5,6.3234375,8.14908088235294,-1.8256433823529408,-1.826,5.357,-4.062,-4.062,projected,5,-3.979816783422329,-3.979816783422329,projected
00-0030294,Tony Jefferson,S,LAC,34.6,7.614583333333334,8.14908088235294,-0.5344975490196067,-0.534,6.67,-2.749,-2.749,projected,13,-4.0065877689034,-4.0065877689034,projected
00-0038588,Jordan Howden,DB,NO,26.3,4.074431818181818,8.14908088235294,-4.074649064171123,-4.075,,,,none,,,-4.075,trailing
00-0037155,Tony Adams,S,NYJ,27.6,7.2325,8.14908088235294,-0.9165808823529407,-0.917,5.416,-4.003,-4.003,projected,4,-4.104714833576014,-4.104714833576014,projected
00-0038807,Ivan Pace Jr.,LB,MIN,25.7,6.761818181818182,7.5,-0.7381818181818183,-0.738,1.896,-4.132,-4.132,projected,3,-4.11238392866029,-4.11238392866029,projected
00-0036862,Ben Skowronek,WR,PIT,29.2,2.0883333333333334,4.975,-2.8866666666666663,-2.887,0.386,-3.434,-3.434,projected,5,-4.12423136049193,-4.12423136049193,projected
00-0036331,Devin Duvernay,WR,CHI,29.0,0.6180000000000001,4.975,-4.356999999999999,-4.357,0.333,-3.488,-3.488,projected,6,-4.137113035227138,-4.137113035227138,projected
00-0040185,Marques Sigle,S,SF,24.2,5.483333333333333,8.14908088235294,-2.665747549019607,-2.666,3.853,-5.566,-5.566,projected,1,-4.163764572801262,-4.163764572801262,projected
00-0032052,Dante Fowler Jr.,EDR,DAL,32.1,4.360416666666667,5.966323529411765,-1.6059068627450985,-1.606,3.157,-3.353,-3.353,projected,11,-4.182101652634862,-4.182101652634862,projected
00-0040072,Jeffrey Bassa,LB,KC,24.0,2.34375,7.5,-5.15625,-5.156,1.71,-4.318,-4.318,projected,1,-4.184919558053886,-4.184919558053886,projected
00-0040261,Easton Mascarenas-Arnold,LB,CLE,24.0,1.3928571428571428,7.5,-6.107142857142858,-6.107,1.678,-4.35,-4.35,projected,1,-4.215933320410932,-4.215933320410932,projected
00-0033877,Malik Hooker,S,DAL,30.5,5.3370098039215685,8.14908088235294,-2.812071078431372,-2.812,5.805,-3.614,-3.614,projected,9,-4.224677070547664,-4.224677070547664,projected
00-0040159,Lathan Ransom,S,CAR,24.2,4.46875,8.14908088235294,-3.6803308823529406,-3.68,3.425,-5.994,-5.994,projected,1,-4.242900871248789,-4.242900871248789,projected
00-0040634,Jordan Turner,LB,DEN,24.8,1.35,7.5,-6.15,-6.15,1.695,-4.333,-4.333,projected,1,-4.251874239510147,-4.251874239510147,projected
00-0037109,Jack Sanborn,LB,DAL,26.1,5.92375,7.5,-1.57625,-1.576,1.771,-4.257,-4.257,projected,4,-4.263779409260724,-4.263779409260724,projected
00-0040613,Shaun Dolac,LB,LA,25.0,2.7045454545454546,7.5,-4.795454545454545,-4.795,1.694,-4.334,-4.334,projected,1,-4.266167929914361,-4.266167929914361,projected
00-0033589,David Moore,WR,CAR,31.7,1.9925000000000002,4.975,-2.9824999999999995,-2.982,0.826,-2.995,-2.995,projected,9,-4.267050392511647,-4.267050392511647,projected
00-0033282,Curtis Samuel,WR,BUF,30.1,2.799068627450981,4.975,-2.1759313725490186,-2.176,,,-3.4094999999999995,rank_imputed,9,-4.340160647682574,-4.340160647682574,rank_imputed
00-0034521,Allen Lazard,WR,NYJ,30.8,3.714861111111111,4.975,-1.2601388888888887,-1.26,,,-3.2675,rank_imputed,8,-4.3627162999359115,-4.3627162999359115,rank_imputed
00-0039178,Austin Ajiake,LB,IND,26.2,2.90625,7.5,-4.59375,-4.594,1.672,-4.356,-4.356,projected,3,-4.369896270139042,-4.369896270139042,projected
00-0039453,Morice Norris Jr.,DB,DET,26.0,3.75,8.14908088235294,-4.399080882352941,-4.399,,,,none,,,-4.399,trailing
00-0039430,James Williams,LB,TEN,23.6,5.1390625,7.5,-2.3609375000000004,-2.361,1.459,-4.569,-4.569,projected,2,-4.40105571395546,-4.40105571395546,projected
00-0033548,Chidobe Awuzie,CB,BAL,31.3,4.777455357142857,8.14908088235294,-3.3716255252100833,-3.372,6.145,-3.274,-3.274,projected,9,-4.425460591232884,-4.425460591232884,projected
00-0040221,R.J. Mickens,FS,LAC,25.2,4.4772727272727275,8.14908088235294,-3.671808155080213,-3.672,4.191,-5.229,-5.229,projected,1,-4.47447426513022,-4.47447426513022,projected
00-0039313,Swayze Bozeman,LB,NYG,27.9,2.165625,7.5,-5.334375,-5.334,1.683,-4.345,-4.345,projected,2,-4.480351416285999,-4.480351416285999,projected
00-0039923,J.J. McCarthy,QB,MIN,23.7,12.238,12.743431372549018,-0.5054313725490189,-0.505,0.575,-8.879,-8.879,projected,2,-4.4972611634680595,-4.4972611634680595,projected
00-0032211,Tyler Lockett,WR,LV,34.0,3.0476470588235296,4.975,-1.92735294117647,-1.927,,,-2.615714285714288,rank_imputed,11,-4.497445470622916,-4.497445470622916,rank_imputed
00-0040449,Karene Reid,ILB,DEN,26.6,1.6875,7.5,-5.8125,-5.812,1.534,-4.494,-4.494,projected,1,-4.537285705631726,-4.537285705631726,projected
00-0035645,Gunner Olszewski,WR,NYG,29.8,4.136666666666667,4.975,-0.8383333333333329,-0.838,0.179,-3.642,-3.642,projected,7,-4.545341087786736,-4.545341087786736,projected
00-0039826,Jeremiah Trotter Jr.,LB,PHI,23.7,2.861607142857143,7.5,-4.638392857142858,-4.638,1.23,-4.798,-4.798,projected,2,-4.628727437606722,-4.628727437606722,projected
00-0027940,Von Miller,EDR,WAS,37.5,4.686607142857143,5.966323529411765,-1.2797163865546217,-1.28,3.591,-2.918,-2.918,projected,15,-4.659481037924152,-4.659481037924152,projected
00-0040673,Jalen Milroe,QB,SEA,23.8,-0.5333333333333333,12.743431372549018,-13.276764705882352,-13.277,0.527,-8.927,-8.927,projected,1,-4.6986629516513325,-4.6986629516513325,projected
00-0034779,Ronnie Harrison,LB,ATL,29.4,5.444444444444445,7.5,-2.0555555555555554,-2.056,1.555,-4.472,-4.472,projected,8,-4.727572573313318,-4.727572573313318,projected
00-0034867,Malik Turner,WR,SF,30.6,0.0,4.975,-4.975,-4.975,0.205,-3.615,-3.615,projected,8,-4.760211740538833,-4.760211740538833,projected
00-0040704,Dillon Gabriel,QB,CLE,25.7,7.018000000000001,12.743431372549018,-5.725431372549018,-5.725,,,-8.942499999999999,rank_imputed,1,-4.772423881495256,-4.772423881495256,rank_imputed
00-0036502,Jason Pinnock,S,SF,27.2,4.840959821428571,8.14908088235294,-3.3081210609243694,-3.308,4.678,-4.741,-4.741,projected,5,-4.780486821142637,-4.780486821142637,projected
00-0040166,Quincy Riley,CB,NO,25.3,4.375,8.14908088235294,-3.7740808823529406,-3.774,3.528,-5.891,-5.891,projected,1,-4.906505175119734,-4.906505175119734,projected
00-0031235,Odell Beckham Jr.,WR,MIA,33.9,0.8,4.975,-4.175,-4.175,0.926,-2.894,-2.894,projected,12,-4.931581548318934,-4.931581548318934,projected
00-0039353,Jarrian Jones,CB,JAX,25.4,5.5421875,8.14908088235294,-2.6068933823529408,-2.607,4.076,-5.343,-5.343,projected,2,-4.98684901370643,-4.98684901370643,projected
00-0037753,Cam Taylor-Britt,CB,CIN,26.9,5.55045955882353,8.14908088235294,-2.598621323529411,-2.599,4.718,-4.701,-4.701,projected,4,-5.101298926784803,-5.101298926784803,projected
00-0040118,Cooper McDonald,OLB,KC,25.1,2.340909090909091,7.5,-5.159090909090909,-5.159,0.842,-5.185,-5.185,projected,1,-5.111849434591002,-5.111849434591002,projected
00-0034419,Braxton Berrios,WR,HOU,30.9,1.3975000000000002,4.975,-3.5774999999999997,-3.577,0.0,-3.82,-3.82,projected,8,-5.13627257203555,-5.13627257203555,projected
00-0036867,Chris Rumph II,EDR,NO,27.9,3.8970588235294117,5.966323529411765,-2.0692647058823535,-2.069,1.622,-4.888,-4.888,projected,5,-5.209698907540634,-5.209698907540634,projected
00-0039776,Jaylen McCollough,S,LA,25.9,4.693419117647059,8.14908088235294,-3.455661764705882,-3.456,3.883,-5.536,-5.536,projected,2,-5.295428675281941,-5.295428675281941,projected
00-0037526,Marcelino McCrary-Ball,LB,NYJ,27.5,5.9,7.5,-1.5999999999999996,-1.6,0.848,-5.18,-5.18,projected,4,-5.3065614915740404,-5.3065614915740404,projected
00-0039374,Tommy Eichenberg,LB,LV,25.7,2.713392857142857,7.5,-4.786607142857143,-4.787,0.678,-5.35,-5.35,projected,2,-5.324601650128885,-5.324601650128885,projected
00-0036844,Garret Wallow,LB,SF,27.6,2.8125,7.5,-4.6875,-4.688,0.799,-5.229,-5.229,projected,5,-5.365498276145132,-5.365498276145132,projected
00-0036658,Isaiah McDuffie,LB,GB,27.2,7.059926470588235,7.5,-0.44007352941176503,-0.44,0.749,-5.279,-5.279,projected,5,-5.381682502140848,-5.381682502140848,projected
00-0034485,Jonathan Owens,S,CHI,31.2,3.713392857142857,8.14908088235294,-4.435688025210084,-4.436,4.956,-4.463,-4.463,projected,8,-5.399617683354707,-5.399617683354707,projected
00-0033294,Chuck Clark,S,PIT,31.4,6.189732142857143,8.14908088235294,-1.9593487394957974,-1.959,4.984,-4.435,-4.435,projected,9,-5.419905166935523,-5.419905166935523,projected
00-0034356,Donte Jackson,CB,LAC,30.9,4.660260416666667,8.14908088235294,-3.488820465686274,-3.489,5.296,-4.123,-4.123,projected,8,-5.4513241574445015,-5.4513241574445015,projected
00-0040231,Carson Bruener,LB,PIT,25.3,1.6153846153846154,7.5,-5.884615384615385,-5.885,0.508,-5.52,-5.52,projected,1,-5.45923867356324,-5.45923867356324,projected
00-0040013,Smael Mondon Jr.,ILB,PHI,23.6,1.5,7.5,-6.0,-6.0,0.336,-5.692,-5.692,projected,1,-5.4827772212375745,-5.4827772212375745,projected
00-0039812,Ty'Ron Hopper,LB,GB,25.4,2.18125,7.5,-5.31875,-5.319,0.489,-5.539,-5.539,projected,2,-5.486657289458565,-5.486657289458565,projected
00-0037003,Chazz Surratt,LB,SEA,29.6,1.8515625,7.5,-5.6484375,-5.648,0.832,-5.196,-5.196,projected,5,-5.511476940048369,-5.511476940048369,projected
00-0034801,Josh Woods,LB,ATL,30.2,2.75,7.5,-4.75,-4.75,0.789,-5.239,-5.239,projected,8,-5.613895973082445,-5.613895973082445,projected
00-0036587,Ar'Darius Washington,S,BAL,26.9,4.476315789473684,8.14908088235294,-3.6727650928792563,-3.673,3.766,-5.654,-5.654,projected,5,-5.630745023054784,-5.630745023054784,projected
00-0039368,Jordan Magee,LB,WAS,25.5,4.875,7.5,-2.625,-2.625,0.334,-5.694,-5.694,projected,2,-5.649089736594077,-5.649089736594077,projected
00-0038578,Jay Ward,S,MIN,26.2,2.21125,8.14908088235294,-5.937830882352941,-5.938,3.48,-5.939,-5.939,projected,3,-5.749051343607218,-5.749051343607218,projected
00-0038399,Zaire Barnes,LB,NYG,27.0,4.75,7.5,-2.75,-2.75,0.348,-5.68,-5.68,projected,3,-5.77177116146733,-5.77177116146733,projected
00-0039818,Kitan Oladapo,S,GB,25.9,3.007142857142857,8.14908088235294,-5.1419380252100835,-5.142,3.052,-6.367,-6.367,projected,2,-5.839016903092507,-5.839016903092507,projected
00-0039375,Josh Newton,CB,CIN,26.0,3.2443181818181817,8.14908088235294,-4.904762700534759,-4.905,3.485,-5.934,-5.934,projected,2,-5.885131793053093,-5.885131793053093,projected
00-0035795,James Pierre,CB,PIT,30.0,5.183333333333334,8.14908088235294,-2.965747549019607,-2.966,4.741,-4.678,-4.678,projected,6,-5.895400126023945,-5.895400126023945,projected
00-0029604,Kirk Cousins,QB,ATL,38.1,10.8231,12.743431372549018,-1.9203313725490183,-1.92,3.493,-5.961,-5.961,projected,14,-5.980376419599502,-5.980376419599502,projected
00-0036416,Kristian Fulton,CB,KC,28.0,5.755,8.14908088235294,-2.3940808823529407,-2.394,4.158,-5.261,-5.261,projected,6,-6.005022257733136,-6.005022257733136,projected
00-0036643,K.J. Britt,LB,MIA,27.3,4.047443181818182,7.5,-3.452556818181818,-3.453,0.0,-6.028,-6.028,projected,5,-6.1552285746377615,-6.1552285746377615,projected
00-0035413,Luke Gifford,LB,SF,31.1,5.042678571428572,7.5,-2.4573214285714284,-2.457,0.321,-5.707,-5.707,projected,7,-6.210619103067764,-6.210619103067764,projected
00-0039692,Dell Pettus,S,NE,25.3,3.1445454545454545,8.14908088235294,-5.004535427807486,-5.005,2.745,-6.674,-6.674,projected,2,-6.236159258463293,-6.236159258463293,projected
00-0035352,Tyrel Dodson,LB,MIA,28.2,11.21640625,7.5,3.7164062500000004,3.61,0.0,-6.028,-6.028,projected,7,-6.24650266315724,-6.24650266315724,projected
00-0036280,Malik Harrison,LB,PIT,28.5,4.615833333333333,7.5,-2.884166666666667,-2.884,0.0,-6.028,-6.028,projected,6,-6.277531892736266,-6.277531892736266,projected
00-0035363,Joe Giles-Harris,LB,CIN,29.5,3.1359375,7.5,-4.3640625,-4.364,0.0,-6.028,-6.028,projected,7,-6.383226557949912,-6.383226557949912,projected
00-0039164,Anthony Richardson,QB,IND,24.3,5.485272727272727,12.743431372549018,-7.258158645276292,-7.258,0.489,-8.965,-8.965,projected,3,-6.388747726212806,-6.388747726212806,projected
00-0035020,Demetrius Flannigan-Fowles,LB,NYG,30.0,5.188928571428572,7.5,-2.311071428571428,-2.311,0.0,-6.028,-6.028,projected,7,-6.437419906023067,-6.437419906023067,projected
00-0033872,Jamal Adams,LB,LV,30.9,3.047242647058823,7.5,-4.452757352941177,-4.453,0.0,-6.028,-6.028,projected,9,-6.537322820982767,-6.537322820982767,projected
00-0034987,E.J. Speed,LB,HOU,31.3,7.5175,7.5,0.01750000000000007,0.015,0.0,-6.028,-6.028,projected,7,-6.582726349469822,-6.582726349469822,projected
00-0039390,Marcellas Dial Jr.,CB,NE,25.8,3.375,8.14908088235294,-4.774080882352941,-4.774,2.765,-6.654,-6.654,projected,2,-6.659460138992307,-6.659460138992307,projected
00-0035617,Troy Reeder,LB,LA,32.0,3.90796568627451,7.5,-3.59203431372549,-3.592,0.0,-6.028,-6.028,projected,7,-6.663718770727393,-6.663718770727393,projected
00-0039152,Will Levis,QB,TEN,27.2,9.661666666666667,12.743431372549018,-3.0817647058823514,-3.082,,,-8.9825,rank_imputed,3,-6.703447997899495,-6.703447997899495,rank_imputed
00-0032442,Elandon Roberts,MLB,LV,32.4,5.625275735294118,7.5,-1.8747242647058817,-1.875,0.0,-6.028,-6.028,projected,10,-6.710901318133238,-6.710901318133238,projected
00-0040206,Riley Leonard,QB,IND,24.0,5.880000000000001,12.743431372549018,-6.863431372549018,-6.863,0.778,-8.676,-8.676,projected,1,-6.838744596967279,-6.838744596967279,projected
00-0032103,Denzel Perryman,ILB,LAC,33.8,6.180208333333334,7.5,-1.3197916666666663,-1.32,0.0,-6.028,-6.028,projected,11,-6.881435649215735,-6.881435649215735,projected
00-0038408,Carrington Valentine,CB,GB,25.0,4.321666666666667,8.14908088235294,-3.8274142156862734,-3.827,2.516,-6.903,-6.903,projected,3,-6.903,-6.903,projected
00-0039376,Spencer Rattler,QB,NO,26.0,10.221888888888888,12.743431372549018,-2.521542483660131,-2.522,0.448,-9.005,-9.005,projected,2,-7.0455735874030125,-7.0455735874030125,projected
00-0036375,Amik Robertson,CB,DET,28.2,5.749264705882353,8.14908088235294,-2.399816176470588,-2.4,3.112,-6.307,-6.307,projected,6,-7.267468657817109,-7.267468657817109,projected
00-0039398,Joe Milton III,QB,DAL,26.5,8.411,12.743431372549018,-4.332431372549019,-4.332,0.332,-9.122,-9.122,projected,2,-7.9043141969813675,-7.9043141969813675,projected
00-0037301,Theo Jackson,S,MIN,28.0,4.807291666666667,8.14908088235294,-3.3417892156862736,-3.342,1.743,-7.676,-7.676,projected,4,-8.006675706686138,-8.006675706686138,projected
00-0038820,Christian Izien,S,TB,26.3,5.562860576923077,8.14908088235294,-2.5862203054298636,-2.586,1.131,-8.289,-8.289,projected,3,-8.056098201008835,-8.056098201008835,projected
00-0040234,Quinn Ewers,QB,MIA,23.5,7.369999999999999,12.743431372549018,-5.373431372549019,-5.373,0.583,-8.871,-8.871,projected,1,-8.062140926733353,-8.062140926733353,projected
00-0033941,Rayshawn Jenkins,S,CLE,32.6,4.483052884615384,8.14908088235294,-3.6660279977375563,-3.666,3.207,-6.212,-6.212,projected,9,-8.08096576126548,-8.08096576126548,projected
00-0038400,Tanner McKee,QB,PHI,26.4,9.6455,12.743431372549018,-3.0979313725490183,-3.098,0.596,-8.858,-8.858,projected,3,-8.106157107251272,-8.106157107251272,projected
00-0038579,Aidan O'Connell,QB,LV,28.0,6.742333333333333,12.743431372549018,-6.001098039215686,-6.001,0.0,-9.454,-9.454,projected,3,-8.182727131437709,-8.182727131437709,projected
00-0038102,Kenny Pickett,QB,LV,28.3,2.008333333333333,12.743431372549018,-10.735098039215686,-10.735,0.471,-8.983,-8.983,projected,4,-8.369048568059435,-8.369048568059435,projected
00-0032268,Marcus Mariota,QB,WAS,32.9,11.1417,12.743431372549018,-1.6017313725490183,-1.602,0.751,-8.703,-8.703,projected,11,-8.713107204357055,-8.713107204357055,projected
00-0037077,Sam Howell,QB,PHI,26.0,-0.8400000000000001,12.743431372549018,-13.583431372549018,-13.583,0.408,-9.045,-9.045,projected,4,-8.732856832496577,-8.732856832496577,projected
00-0033949,Joshua Dobbs,QB,NE,31.6,5.676999999999999,12.743431372549018,-7.06643137254902,-7.066,0.616,-8.838,-8.838,projected,9,-8.84365994236311,-8.84365994236311,projected
00-0036945,Justin Fields,QB,NYJ,27.5,13.87139393939394,12.743431372549018,1.1279625668449214,1.12,0.568,-8.885,-8.885,projected,5,-8.876123876123877,-8.876123876123877,projected
00-0038416,Tyson Bagent,QB,CHI,26.3,0.4907500000000001,12.743431372549018,-12.252681372549018,-12.253,0.564,-8.89,-8.89,projected,3,-8.87686224387906,-8.87686224387906,projected
00-0031503,Jameis Winston,QB,NYG,32.7,13.302848484848486,12.743431372549018,0.5594171122994673,0.468,0.543,-8.91,-8.91,projected,11,-8.919633203860169,-8.919633203860169,projected
00-0036898,Davis Mills,QB,HOU,27.9,8.194083333333335,12.743431372549018,-4.549348039215683,-4.549,0.526,-8.928,-8.928,projected,5,-8.920506774309581,-8.920506774309581,projected
00-0038476,Tommy DeVito,QB,NE,28.1,6.74,12.743431372549018,-6.003431372549018,-6.003,0.517,-8.937,-8.937,projected,3,-8.930213038091049,-8.930213038091049,projected
00-0035264,Jarrett Stidham,QB,DEN,30.1,5.0405000000000015,12.743431372549018,-7.702931372549017,-7.703,0.516,-8.938,-8.938,projected,7,-8.938357534301373,-8.938357534301373,projected
00-0036972,Mac Jones,QB,SF,28.0,11.832299999999998,12.743431372549018,-0.9111313725490202,-0.911,0.504,-8.95,-8.95,projected,5,-8.942845723421263,-8.942845723421263,projected
00-0040494,Max Brosmer,QB,MIN,25.5,0.6200000000000001,12.743431372549018,-12.123431372549017,-12.123,,,-8.969666666666667,rank_imputed,1,-8.953550276169562,-8.953550276169562,rank_imputed
00-0038122,Desmond Ridder,QB,GB,27.0,4.184,12.743431372549018,-8.559431372549017,-8.559,0.0,-9.454,-9.454,projected,4,-8.969898797443067,-8.969898797443067,projected
00-0035993,Tyler Huntley,QB,BAL,28.6,10.5702,12.743431372549018,-2.1732313725490187,-2.173,0.474,-8.98,-8.98,projected,6,-8.974974014551853,-8.974974014551853,projected
00-0028118,Tyrod Taylor,QB,NYJ,37.1,9.798666666666666,12.743431372549018,-2.9447647058823527,-2.945,0.504,-8.95,-8.95,projected,15,-8.97549039271531,-8.97549039271531,projected
00-0037012,Trey Lance,QB,LAC,26.4,3.3475,12.743431372549018,-9.395931372549018,-9.396,0.458,-8.995,-8.995,projected,5,-8.982065825211693,-8.982065825211693,projected
00-0035289,Gardner Minshew,QB,KC,30.3,3.3921999999999994,12.743431372549018,-9.35123137254902,-9.351,0.45,-9.004,-9.004,projected,7,-9.005080609673161,-9.005080609673161,projected
00-0035704,Drew Lock,QB,SEA,29.8,3.5536666666666665,12.743431372549018,-9.189764705882352,-9.19,0.441,-9.012,-9.012,projected,7,-9.011279097672187,-9.011279097672187,projected
00-0034577,Kyle Allen,QB,DET,30.5,0.26599999999999996,12.743431372549018,-12.477431372549018,-12.477,0.436,-9.018,-9.018,projected,8,-9.019803960792158,-9.019803960792158,projected
00-0026158,Joe Flacco,QB,CIN,41.7,12.369999999999997,12.743431372549018,-0.37343137254902103,-0.373,0.472,-8.982,-8.982,projected,18,-9.02423341236989,-9.02423341236989,projected
00-0033869,Mitchell Trubisky,QB,BUF,32.1,5.713638888888889,12.743431372549018,-7.029792483660129,-7.03,0.421,-9.033,-9.033,projected,9,-9.040594099043195,-9.040594099043195,projected
00-0037013,Zach Wilson,QB,MIA,27.1,0.5266666666666667,12.743431372549018,-12.216764705882351,-12.217,,,-9.081333333333333,rank_imputed,5,-9.070811192350206,-9.070811192350206,rank_imputed
00-0027973,Andy Dalton,QB,CAR,38.9,5.508666666666667,12.743431372549018,-7.234764705882352,-7.235,0.413,-9.041,-9.041,projected,15,-9.073300951386939,-9.073300951386939,projected
00-0022942,Philip Rivers,QB,IND,44.8,9.920000000000002,12.743431372549018,-2.8234313725490168,-2.823,,,-9.0985,rank_imputed,22,-9.152683888620635,-9.152683888620635,rank_imputed
00-0034771,Mason Rudolph,QB,PIT,31.2,5.98965,12.743431372549018,-6.753781372549018,-6.754,0.301,-9.153,-9.153,projected,8,-9.157395549863935,-9.157395549863935,projected
00-0040398,Brady Cook,QB,NYJ,24.9,5.292,12.743431372549018,-7.451431372549019,-7.451,0.261,-9.193,-9.193,projected,1,-9.174284459702207,-9.174284459702207,projected
00-0032950,Carson Wentz,QB,MIN,33.7,9.580200000000001,12.743431372549018,-3.163231372549017,-3.163,,,-9.178666666666667,rank_imputed,10,-9.192271228084232,-9.192271228084232,rank_imputed
00-0031345,Jimmy Garoppolo,QB,LA,34.9,19.86,12.743431372549018,7.116568627450981,5.483,,,-9.316333333333333,rank_imputed,12,-9.334629206578226,-9.334629206578226,rank_imputed
00-0033662,Cooper Rush,QB,BAL,32.8,3.4798333333333336,12.743431372549018,-9.263598039215685,-9.264,0.049,-9.404,-9.404,projected,9,-9.414544289604358,-9.414544289604358,projected
00-0035100,Jake Browning,QB,CIN,30.4,6.184200000000001,12.743431372549018,-6.559231372549018,-6.559,0.0,-9.454,-9.454,projected,7,-9.45551288206113,-9.45551288206113,projected
00-0033319,Nick Mullens,QB,JAX,31.5,0.36250000000000004,12.743431372549018,-12.380931372549018,-12.381,0.0,-9.454,-9.454,projected,9,-9.459675805483291,-9.459675805483291,projected
00-0026300,Josh Johnson,QB,WAS,40.3,5.155583333333334,12.743431372549018,-7.587848039215684,-7.588,0.0,-9.454,-9.454,projected,18,-9.493111619873881,-9.493111619873881,projected
00-0039346,Junior Colson,LB,LAC,23.8,3.409090909090909,7.5,-4.090909090909091,-4.091,,,,none,2,,,none
00-0036299,Troy Pride,CB,IND,28.7,5.25,8.14908088235294,-2.8990808823529406,-2.899,,,,none,6,,,none
00-0039770,Charles Woods,CB,NE,26.2,1.5477272727272728,8.14908088235294,-6.601353609625668,-6.601,,,,none,2,,,none
00-0039873,DeWayne Carter,IL,BUF,25.8,4.15,5.966323529411765,-1.8163235294117648,-1.816,,,,none,2,,,none
00-0033283,Tyus Bowser,OLB,MIA,31.3,1.59375,7.5,-5.90625,-5.906,,,,none,9,,,none
00-0031357,C.J. Goodwin,CB,DAL,36.6,1.1375,8.14908088235294,-7.01158088235294,-7.012,,,,none,12,,,none
00-0035900,Cole Christiansen,ILB,KC,29.1,0.75,7.5,-6.75,-6.75,,,,none,6,,,none
00-0040171,Joshua Farmer,IL,NE,23.7,1.6818181818181819,5.966323529411765,-4.2845053475935835,-4.285,,,,none,1,,,none
00-0034612,Demone Harris,DE,ATL,30.7,1.71875,5.966323529411765,-4.247573529411765,-4.248,,,,none,8,,,none
00-0035255,Kendall Sheffield,CB,MIA,30.3,2.1125,8.14908088235294,-6.036580882352941,-6.037,,,,none,7,,,none
00-0036361,Trevon Diggs,CB,GB,28.0,4.878863636363636,8.14908088235294,-3.270217245989304,-3.27,,,,none,6,,,none
00-0037549,Darrell Baker Jr.,CB,TEN,28.5,5.195,8.14908088235294,-2.9540808823529403,-2.954,,,,none,4,,,none
00-0038660,Trevor Nowaske,LB,DET,27.9,2.7487500000000002,7.5,-4.75125,-4.751,,,,none,3,,,none
00-0039370,JD Bertrand,LB,ATL,26.4,4.565972222222222,7.5,-2.9340277777777777,-2.934,,,,none,2,,,none
00-0039156,Julius Brents,CB,MIA,26.7,5.43125,8.14908088235294,-2.7178308823529402,-2.718,,,,none,3,,,none
00-0040108,Chandler Martin,ILB,BAL,23.8,2.25,7.5,-5.25,-5.25,,,,none,1,,,none
00-0038642,D.J. Ivey,CB,CIN,26.6,2.13375,8.14908088235294,-6.0153308823529406,-6.015,,,,none,3,,,none
00-0040647,Rylie Mills,IL,SEA,25.1,3.3333333333333335,5.966323529411765,-2.6329901960784317,-2.633,,,,none,1,,,none
00-0030070,John Jenkins,IL,BAL,37.2,3.395104166666667,5.966323529411765,-2.571219362745098,-2.571,,,,none,13,,,none
00-0036716,Amen Ogbongbemiga,MLB,CHI,28.0,4.038541666666667,7.5,-3.461458333333333,-3.461,,,,none,5,,,none
00-0040204,Jaylen Reed,SS,HOU,23.6,5.6875,8.14908088235294,-2.4615808823529406,-2.462,,,,none,1,,,none
00-0040076,Aeneas Peebles,IL,BAL,25.0,1.3125,5.966323529411765,-4.653823529411765,-4.654,,,,none,1,,,none
00-0035636,L.J. Collier,IL,ARI,31.0,2.225416666666667,5.966323529411765,-3.7409068627450983,-3.741,,,,none,7,,,none
00-0031587,Bobby McCain,SS,MIN,33.1,4.5,8.14908088235294,-3.6490808823529406,-3.649,,,,none,11,,,none
00-0032437,Kamu Grugier-Hill,ILB,MIN,32.3,3.388888888888889,7.5,-4.111111111111111,-4.111,,,,none,10,,,none
00-0036904,Robert Rochell,CB,CAR,28.4,0.853125,8.14908088235294,-7.29595588235294,-7.296,,,,none,5,,,none
00-0039241,Beau Brade,FS,NYG,24.6,1.51875,8.14908088235294,-6.630330882352941,-6.63,,,,none,2,,,none
00-0040012,Collin Oliver,OLB,GB,24.0,2.5,7.5,-5.0,-5.0,,,,none,1,,,none
00-0033549,Duke Riley,ILB,WAS,32.1,2.625,7.5,-4.875,-4.875,,,,none,9,,,none
00-0030063,Johnathan Hankins,DT,SEA,34.5,3.0166666666666666,5.966323529411765,-2.9496568627450985,-2.95,,,,none,13,,,none
00-0033907,Dawuane Smoot,DE,JAX,31.5,2.9744318181818183,5.966323529411765,-2.991891711229947,-2.992,,,,none,9,,,none
00-0034116,J.T. Gray,SS,TB,30.7,2.4,8.14908088235294,-5.74908088235294,-5.749,,,,none,8,,,none
00-0036644,Cameron McGrone,OLB,CLE,26.2,1.125,7.5,-6.375,-6.375,,,,none,5,,,none
00-0037561,Markquese Bell,S,DAL,27.7,3.2473214285714285,8.14908088235294,-4.901759453781512,-4.902,,,,none,4,,,none
00-0037544,Nephi Sewell,ILB,CHI,27.7,7.5,7.5,0.0,0.0,,,,none,4,,,none
00-0037461,Tristin McCollum,S,LV,27.4,3.5703125,8.14908088235294,-4.578768382352941,-4.579,,,,none,4,,,none
00-0039207,Durell Nchami,DE,IND,26.6,2.25,5.966323529411765,-3.716323529411765,-3.716,,,,none,3,,,none
00-0031296,C.J. Mosley,ILB,NYJ,34.2,5.625,7.5,-1.875,-1.875,,,,none,12,,,none
00-0039637,Maema Njongmeta,ILB,CAR,25.5,1.57,7.5,-5.93,-5.93,,,,none,2,,,none
00-0035270,Amani Oruwariye,CB,BAL,30.6,3.3166666666666664,8.14908088235294,-4.832414215686274,-4.832,,,,none,7,,,none
00-0033123,Yannick Ngakoue,DE,NE,31.5,1.6125,5.966323529411765,-4.353823529411765,-4.354,,,,none,10,,,none
00-0034359,Tyquan Lewis,DE,IND,31.6,3.352170138888889,5.966323529411765,-2.614153390522876,-2.614,,,,none,8,,,none
00-0036329,Ashtyn Davis,S,MIA,29.9,7.10625,8.14908088235294,-1.0428308823529404,-1.043,,,,none,6,,,none
00-0039483,Isaiah Johnson,CB,MIA,26.5,2.25,8.14908088235294,-5.899080882352941,-5.899,,,,none,2,,,none
00-0038545,Mazi Smith,IL,NYJ,25.3,1.84375,5.966323529411765,-4.122573529411765,-4.123,,,,none,3,,,none
00-0037826,Drake Jackson,DE,WAS,25.4,1.0,5.966323529411765,-4.966323529411765,-4.966,,,,none,4,,,none
00-0030757,Mike Pennel,DT,KC,35.4,2.405,5.966323529411765,-3.5613235294117653,-3.561,,,,none,12,,,none
00-0039054,Marte Mapu,LB,NE,26.9,4.433958333333333,7.5,-3.066041666666667,-3.066,,,,none,3,,,none
00-0039831,Kamal Hadden,CB,GB,25.7,1.4625000000000001,8.14908088235294,-6.68658088235294,-6.687,,,,none,2,,,none
00-0039155,BJ Ojulari,LB,ARI,24.4,3.2,7.5,-4.3,-4.3,,,,none,3,,,none
00-0036249,Julian Okwara,OLB,CLE,28.7,3.2222222222222223,7.5,-4.277777777777778,-4.278,,,,none,6,,,none
00-0036843,Isaiahh Loudermilk,DT,PIT,28.9,1.875,5.966323529411765,-4.091323529411765,-4.091,,,,none,5,,,none
00-0039402,Jaden Crumedy,DT,CAR,26.1,2.2,5.966323529411765,-3.766323529411765,-3.766,,,,none,2,,,none
00-0038639,Cory Trice Jr.,CB,PIT,26.3,8.375,8.14908088235294,0.2259191176470594,0.232,,,,none,3,,,none
00-0031298,Jimmie Ward,FS,HOU,35.2,8.05,8.14908088235294,-0.09908088235293988,-0.099,,,,none,12,,,none
00-0036403,Casey Toohill,DE,HOU,30.1,2.1363636363636362,5.966323529411765,-3.829959893048129,-3.83,,,,none,6,,,none
00-0033347,Josh Tupou,IL,BAL,32.4,2.81875,5.966323529411765,-3.147573529411765,-3.148,,,,none,9,,,none
00-0035646,Sione Takitaki,OLB,MIN,31.3,1.7625000000000002,7.5,-5.7375,-5.737,,,,none,7,,,none
00-0038823,Kaevon Merriweather,SS,HOU,26.7,3.2354166666666666,8.14908088235294,-4.913664215686274,-4.914,,,,none,3,,,none
00-0033064,Adam Gotsis,DE,TB,34.0,1.5,5.966323529411765,-4.466323529411765,-4.466,,,,none,10,,,none
00-0034344,Marcus Davenport,EDR,DET,30.0,2.747916666666667,5.966323529411765,-3.2184068627450984,-3.218,,,,none,8,,,none
00-0039416,Jaden Davis,CB,ARI,25.2,1.875,8.14908088235294,-6.274080882352941,-6.274,,,,none,2,,,none
00-0040527,Sebastian Castro,FS,PIT,25.9,1.25,8.14908088235294,-6.899080882352941,-6.899,,,,none,1,,,none
00-0039367,Xavier Thomas,OLB,HOU,26.7,2.3625,7.5,-5.1375,-5.138,,,,none,2,,,none
00-0030459,Tyrann Mathieu,FS,NO,34.3,6.514705882352941,8.14908088235294,-1.6343749999999995,-1.634,,,,none,13,,,none
00-0036213,Raekwon Davis,NT,IND,29.3,1.25,5.966323529411765,-4.716323529411765,-4.716,,,,none,6,,,none
00-0039135,Ochaun Mathis,OLB,NYJ,27.7,1.5,7.5,-6.0,-6.0,,,,none,3,,,none
00-0037811,Chad Muma,MLB,NE,27.1,2.236979166666667,7.5,-5.263020833333333,-5.263,,,,none,4,,,none
00-0038142,David Ojabo,OLB,BAL,26.3,1.7647727272727272,7.5,-5.735227272727273,-5.735,,,,none,4,,,none
00-0039908,Kris Jenkins,IL,CIN,24.9,3.7177083333333334,5.966323529411765,-2.2486151960784317,-2.249,,,,none,2,,,none
00-0032671,Morgan Fox,DT,BUF,32.0,3.433333333333333,5.966323529411765,-2.532990196078432,-2.533,,,,none,10,,,none
00-0040104,Keondre Jackson,FS,BAL,24.4,2.125,8.14908088235294,-6.024080882352941,-6.024,,,,none,1,,,none
00-0037804,Zachary Carter,DT,ARI,27.4,3.80234375,5.966323529411765,-2.1639797794117652,-2.164,,,,none,4,,,none
00-0040503,Dorian Mausi,ILB,TEN,24.5,1.4375,7.5,-6.0625,-6.062,,,,none,1,,,none
00-0040416,John Bullock,ILB,TB,25.4,1.21875,7.5,-6.28125,-6.281,,,,none,1,,,none
00-0035330,Anthony Pittman,OLB,DET,29.8,1.5,7.5,-6.0,-6.0,,,,none,7,,,none
00-0036421,Terrell Burgess,S,NO,29.1,2.590909090909091,8.14908088235294,-5.55817179144385,-5.558,,,,none,6,,,none
00-0031557,Jordan Phillips,IL,BUF,34.0,2.284375,5.966323529411765,-3.6819485294117653,-3.682,,,,none,11,,,none
00-0035150,Kris Boyd,CB,NYJ,29.8,0.375,8.14908088235294,-7.774080882352941,-7.774,,,,none,7,,,none
00-0027872,Kareem Jackson,SS,BUF,38.4,3.0,8.14908088235294,-5.149080882352941,-5.149,,,,none,16,,,none
00-0033874,Marshon Lattimore,CB,WAS,30.3,5.663636363636364,8.14908088235294,-2.4854445187165766,-2.485,,,,none,9,,,none
00-0038694,Brandon Pili,IL,SEA,27.5,1.734375,5.966323529411765,-4.231948529411765,-4.232,,,,none,3,,,none
00-0036124,Khalil Dorsey,CB,DET,28.5,2.309375,8.14908088235294,-5.83970588235294,-5.84,,,,none,6,,,none
00-0037319,Faion Hicks,CB,SEA,28.0,1.125,8.14908088235294,-7.024080882352941,-7.024,,,,none,4,,,none
00-0037353,Kader Kohou,CB,MIA,27.8,5.5,8.14908088235294,-2.6490808823529406,-2.649,,,,none,4,,,none
00-0039414,Daijahn Anthony,FS,CIN,26.0,1.2375,8.14908088235294,-6.911580882352941,-6.912,,,,none,2,,,none
00-0040255,Adin Huntington,IL,CLE,24.5,2.0555555555555554,5.966323529411765,-3.91076797385621,-3.911,,,,none,1,,,none
00-0037813,Channing Tindall,ILB,ARI,26.5,2.25,7.5,-5.25,-5.25,,,,none,4,,,none
00-0038958,Markees Watts,OLB,TB,26.8,1.28125,7.5,-6.21875,-6.219,,,,none,3,,,none
00-0039900,Marshawn Kneeland,DE,DAL,25.2,3.281026785714286,5.966323529411765,-2.6852967436974793,-2.685,,,,none,2,,,none
00-0039752,Cedric Johnson,EDR,CIN,24.0,3.5534375000000002,5.966323529411765,-2.412886029411765,-2.413,,,,none,2,,,none
00-0038788,Art Green,CB,NYG,26.4,2.2171874999999996,8.14908088235294,-5.931893382352941,-5.932,,,,none,3,,,none
00-0034203,Darious Williams,CB,LA,33.5,4.80625,8.14908088235294,-3.3428308823529402,-3.343,,,,none,8,,,none
00-0027885,Linval Joseph,NT,DAL,37.9,3.5,5.966323529411765,-2.466323529411765,-2.466,,,,none,16,,,none
00-0034296,Ben Niemann,MLB,LA,31.1,2.861111111111111,7.5,-4.638888888888889,-4.639,,,,none,8,,,none
00-0032521,Mike Hilton,CB,IND,32.5,5.63203125,8.14908088235294,-2.5170496323529408,-2.517,,,,none,10,,,none
00-0039148,Keion White,EDR,SF,27.7,3.608203125,5.966323529411765,-2.358120404411765,-2.358,,,,none,3,,,none
00-0040585,Ty Hamilton,IL,LA,24.4,1.125,5.966323529411765,-4.841323529411765,-4.841,,,,none,1,,,none
00-0033930,Cameron Sutton,CB,PIT,31.6,4.0,8.14908088235294,-4.149080882352941,-4.149,,,,none,9,,,none
00-0038390,Noah Sewell,MLB,CHI,24.4,3.6750000000000003,7.5,-3.8249999999999997,-3.825,,,,none,3,,,none
00-0033598,Eli Ankou,DT,BUF,32.3,1.5,5.966323529411765,-4.466323529411765,-4.466,,,,none,9,,,none
00-0040296,Corey Thornton,CB,CAR,25.6,4.0,8.14908088235294,-4.149080882352941,-4.149,,,,none,1,,,none
00-0038600,Owen Pappoe,LB,ARI,26.0,2.8953125,7.5,-4.6046875,-4.605,,,,none,3,,,none
00-0039389,Logan Lee,DT,PIT,26.3,1.5,5.966323529411765,-4.466323529411765,-4.466,,,,none,2,,,none
00-0039743,Jordan Jefferson,DT,CIN,25.0,2.25,5.966323529411765,-3.716323529411765,-3.716,,,,none,2,,,none
00-0031554,Eric Kendricks,ILB,SF,34.5,9.353125,7.5,1.8531250000000004,1.45,,,,none,11,,,none
00-0038684,Ethan Bonner,CB,MIA,26.9,2.475,8.14908088235294,-5.674080882352941,-5.674,,,,none,3,,,none
00-0033595,Pat O'Connor,DE,DET,32.9,2.0151785714285713,5.966323529411765,-3.951144957983194,-3.951,,,,none,9,,,none
00-0034810,Sebastian Joseph-Day,IL,TEN,31.5,3.725882352941176,5.966323529411765,-2.240441176470589,-2.24,,,,none,8,,,none
00-0033503,Arthur Maulet,CB,DET,33.2,4.135,8.14908088235294,-4.014080882352941,-4.014,,,,none,9,,,none
00-0036192,A.J. Epenesa,EDR,BUF,28.0,4.530921052631578,5.966323529411765,-1.4354024767801867,-1.435,,,,none,6,,,none
00-0037330,Jesse Luketa,OLB,LA,27.7,3.725,7.5,-3.775,-3.775,,,,none,4,,,none
00-0037633,Jacob Hummel,ILB,BAL,27.7,1.90625,7.5,-5.59375,-5.594,,,,none,4,,,none
00-0034858,Terrell Edmunds,FS,LV,29.7,2.25,8.14908088235294,-5.899080882352941,-5.899,,,,none,8,,,none
00-0040027,Brandon Johnson,CB,PHI,23.5,2.25,8.14908088235294,-5.899080882352941,-5.899,,,,none,4,,,none
00-0040213,Rayuan Lane III,S,JAX,23.2,2.2916666666666665,8.14908088235294,-5.8574142156862745,-5.857,,,,none,1,,,none
00-0040408,Ja'Markis Weston,MLB,SEA,26.1,0.75,7.5,-6.75,-6.75,,,,none,1,,,none
00-0036629,Camryn Bynum,FS,IND,28.2,7.7579248366013065,8.14908088235294,-0.3911560457516341,-0.391,,,,none,5,,,none
00-0040347,Johnathan Edwards,CB,IND,24.8,4.25,8.14908088235294,-3.8990808823529406,-3.899,,,,none,1,,,none
00-0040186,Francisco Mauigoa,MLB,NYJ,23.5,3.8125,7.5,-3.6875,-3.688,,,,none,1,,,none
00-0035841,Benito Jones,DT,MIA,28.8,2.401736111111111,5.966323529411765,-3.564587418300654,-3.565,,,,none,6,,,none
00-0036704,Caleb Johnson,ILB,MIA,28.1,1.125,7.5,-6.375,-6.375,,,,none,5,,,none
00-0034797,Jerome Baker,OLB,CLE,29.7,4.836015625,7.5,-2.663984375,-2.664,,,,none,8,,,none
00-0039676,Chigozie Anusiem,CB,LV,25.9,0.75,8.14908088235294,-7.399080882352941,-7.399,,,,none,2,,,none
00-0038657,Brandon Joseph,SS,DET,25.6,4.875,8.14908088235294,-3.2740808823529406,-3.274,,,,none,3,,,none
00-0036649,Quinton Bohanna,DT,GB,27.5,1.5,5.966323529411765,-4.466323529411765,-4.466,,,,none,5,,,none
00-0029562,Lavonte David,ILB,TB,36.6,10.208884803921569,7.5,2.7088848039215687,1.949,,,,none,14,,,none
00-0038403,Tre Hawkins III,CB,WAS,26.1,10.25,8.14908088235294,2.1009191176470594,2.173,,,,none,3,,,none
00-0039481,Storm Duck,CB,MIA,25.8,3.2222222222222223,8.14908088235294,-4.926858660130718,-4.927,,,,none,2,,,none
00-0034375,Kyzir White,ILB,SF,30.5,5.698161764705882,7.5,-1.8018382352941176,-1.802,,,,none,8,,,none
00-0038663,Starling Thomas V,CB,ARI,26.6,3.8529411764705883,8.14908088235294,-4.296139705882352,-4.296,,,,none,3,,,none
00-0038585,Cameron Mitchell,CB,IND,25.0,4.190584415584416,8.14908088235294,-3.9584964667685245,-3.958,,,,none,3,,,none
00-0038682,Mitchell Agude,OLB,DET,27.5,2.25,7.5,-5.25,-5.25,,,,none,3,,,none
00-0033746,Alex Barrett,DE,SF,32.5,1.5,5.966323529411765,-4.466323529411765,-4.466,,,,none,9,,,none
00-0034320,Kentavius Street,IL,ATL,30.4,4.005892857142857,5.966323529411765,-1.9604306722689078,-1.96,,,,none,8,,,none
00-0037106,Jaylon Jones,CB,CHI,28.9,3.1875,8.14908088235294,-4.961580882352941,-4.962,,,,none,4,,,none
00-0039003,Drew Sanders,OLB,DEN,25.7,3.9166666666666665,7.5,-3.5833333333333335,-3.583,,,,none,3,,,none
00-0039715,Gabriel Murphy,OLB,MIN,25.9,1.5,7.5,-6.0,-6.0,,,,none,2,,,none
00-0035944,Jonah Williams,DE,NO,31.1,2.839375,5.966323529411765,-3.126948529411765,-3.127,,,,none,7,,,none
00-0036351,James Smith-Williams,DE,ATL,29.1,3.6666666666666665,5.966323529411765,-2.2996568627450986,-2.3,,,,none,6,,,none
00-0040411,Alijah Huzzie,CB,HOU,25.7,10.75,8.14908088235294,2.6009191176470594,2.722,,,,none,1,,,none
00-0040169,Tonka Hemingway,IL,LV,24.9,5.107142857142857,5.966323529411765,-0.8591806722689084,-0.859,,,,none,1,,,none
00-0031054,DaQuan Jones,IL,BUF,34.7,3.18359375,5.966323529411765,-2.782729779411765,-2.783,,,,none,12,,,none
00-0033892,Marcus Maye,FS,LAC,33.5,4.444318181818182,8.14908088235294,-3.7047627005347588,-3.705,,,,none,9,,,none
00-0036266,Jordan Elliott,IL,SF,28.8,2.0881410256410255,5.966323529411765,-3.8781825037707396,-3.878,,,,none,6,,,none
00-0039072,Jakorian Bennett,CB,PHI,26.1,3.716666666666667,8.14908088235294,-4.432414215686274,-4.432,,,,none,3,,,none
00-0035239,Sean Murphy-Bunting,CB,ARI,29.2,5.7,8.14908088235294,-2.4490808823529404,-2.449,,,,none,7,,,none
00-0033929,Montravius Adams,NT,PIT,31.1,2.361111111111111,5.966323529411765,-3.605212418300654,-3.605,,,,none,9,,,none
00-0035667,Greg Gaines,IL,TB,30.4,2.4541666666666666,5.966323529411765,-3.5121568627450985,-3.512,,,,none,7,,,none
00-0039151,Emmanuel Forbes,CB,LA,25.7,5.205,8.14908088235294,-2.9440808823529405,-2.944,,,,none,3,,,none
00-0039791,Adisa Isaac,EDR,BAL,25.0,2.75,5.966323529411765,-3.216323529411765,-3.216,,,,none,2,,,none
00-0039622,Isaiah Stalbird,LB,NO,26.2,2.3045454545454547,7.5,-5.195454545454545,-5.195,,,,none,2,,,none
00-0034357,Isaiah Oliver,CB,NYJ,30.0,5.235833333333334,8.14908088235294,-2.913247549019607,-2.913,,,,none,8,,,none
00-0040161,Kyle Kennard,OLB,LAC,24.8,1.125,7.5,-6.375,-6.375,,,,none,1,,,none
00-0037578,Juanyeh Thomas,FS,DAL,26.2,4.234375,8.14908088235294,-3.9147058823529406,-3.915,,,,none,4,,,none
00-0040339,Cam'Ron Silmon-Craig,FS,JAX,23.9,3.0,8.14908088235294,-5.149080882352941,-5.149,,,,none,1,,,none
00-0040230,Kitan Crawford,S,ARI,24.7,2.475,8.14908088235294,-5.674080882352941,-5.674,,,,none,1,,,none
00-0038764,Patrick O'Connell,LB,SEA,27.7,3.3125,7.5,-4.1875,-4.188,,,,none,3,,,none
00-0038401,Jarrick Bernard-Converse,CB,NYG,26.4,1.1062500000000002,8.14908088235294,-7.04283088235294,-7.043,,,,none,3,,,none
00-0039878,Edefuan Ulofoshio,MLB,CLE,26.6,7.75,7.5,0.25,0.255,,,,none,2,,,none
00-0039002,Sydney Brown,S,PHI,26.5,2.8893750000000002,8.14908088235294,-5.25970588235294,-5.26,,,,none,3,,,none
00-0033084,Kendall Fuller,CB,DET,31.6,6.795454545454546,8.14908088235294,-1.3536263368983947,-1.354,,,,none,10,,,none
00-0040228,Cody Lindenberg,MLB,LV,24.7,1.375,7.5,-6.125,-6.125,,,,none,1,,,none
00-0035693,Johnathan Abram,SS,NO,29.9,8.833333333333334,8.14908088235294,0.6842524509803933,0.63,,,,none,7,,,none
00-0037808,DeAngelo Malone,OLB,ATL,27.2,2.484642857142857,7.5,-5.015357142857143,-5.015,,,,none,4,,,none
00-0033883,Jabrill Peppers,SS,PIT,31.0,4.450892857142857,8.14908088235294,-3.698188025210084,-3.698,,,,none,9,,,none
00-0039388,Jaylan Ford,ILB,NO,24.8,1.7142857142857142,7.5,-5.785714285714286,-5.786,,,,none,2,,,none
00-0035157,Darius Harris,ILB,NE,30.7,2.25,7.5,-5.25,-5.25,,,,none,7,,,none
00-0040135,Nick Martin,OLB,SF,23.9,4.3125,7.5,-3.1875,-3.188,,,,none,1,,,none
00-0039378,Deantre Prince,CB,JAX,25.9,2.25,8.14908088235294,-5.899080882352941,-5.899,,,,none,2,,,none
00-0034264,Jalyn Holmes,EDR,WAS,30.6,2.509375,5.966323529411765,-3.4569485294117652,-3.457,,,,none,8,,,none
00-0040061,Connor O'Toole,OLB,SEA,24.1,1.4166666666666667,7.5,-6.083333333333333,-6.083,,,,none,1,,,none
00-0037153,Vi Jones,ILB,ARI,28.4,3.25,7.5,-4.25,-4.25,,,,none,4,,,none
00-0035254,Anthony Nelson,EDR,TB,29.5,5.170588235294117,5.966323529411765,-0.7957352941176481,-0.796,,,,none,7,,,none
00-0034251,Daniel Ekuale,DT,PIT,32.7,2.742916666666667,5.966323529411765,-3.2234068627450982,-3.223,,,,none,8,,,none
00-0037493,Mike Brown,S,TEN,27.4,3.2125000000000004,8.14908088235294,-4.93658088235294,-4.937,,,,none,4,,,none
00-0037383,Kana'i Mauga,ILB,PIT,26.7,0.0,7.5,-7.5,-7.5,,,,none,4,,,none
00-0027867,Jason Pierre-Paul,DE,TB,37.7,1.5,5.966323529411765,-4.466323529411765,-4.466,,,,none,16,,,none
00-0028292,Nick Bellore,OLB,WAS,37.3,2.2765625,7.5,-5.2234375,-5.223,,,,none,15,,,none
00-0036193,Anfernee Jennings,EDR,NE,29.4,5.136328125,5.966323529411765,-0.8299954044117648,-0.83,,,,none,6,,,none
00-0038521,Reese Taylor,CB,DEN,27.1,1.5,8.14908088235294,-6.649080882352941,-6.649,,,,none,3,,,none
00-0037364,Arron Mosby,DE,GB,27.4,1.646875,5.966323529411765,-4.3194485294117655,-4.319,,,,none,4,,,none
00-0040071,Mac McWilliams,CB,PHI,24.8,1.5,8.14908088235294,-6.649080882352941,-6.649,,,,none,1,,,none
00-0035708,Oshane Ximines,OLB,NE,29.8,0.75,7.5,-6.75,-6.75,,,,none,7,,,none
00-0039143,Isaiah Foskey,DE,CIN,25.9,1.3425,5.966323529411765,-4.623823529411765,-4.624,,,,none,3,,,none
00-0036430,Khalil Davis,DT,SF,30.1,2.3125,5.966323529411765,-3.653823529411765,-3.654,,,,none,6,,,none
00-0036614,Jamin Davis,OLB,LV,27.8,3.1625,7.5,-4.3375,-4.338,,,,none,5,,,none
00-0036878,Janarius Robinson,DE,KC,28.4,0.921875,5.966323529411765,-5.044448529411765,-5.044,,,,none,5,,,none
00-0037057,Keir Thomas,EDR,LA,28.6,2.3333333333333335,5.966323529411765,-3.6329901960784317,-3.633,,,,none,4,,,none
00-0034787,Chris Board,ILB,NYG,31.2,3.613888888888889,7.5,-3.886111111111111,-3.886,,,,none,8,,,none
00-0038841,Nick Whiteside,CB,DET,26.4,3.5,8.14908088235294,-4.649080882352941,-4.649,,,,none,3,,,none
00-0039450,Isaac Ukwu,DE,DET,27.7,1.875,5.966323529411765,-4.091323529411765,-4.091,,,,none,2,,,none
00-0036553,Carlos Basham,OLB,LV,28.8,2.09375,7.5,-5.40625,-5.406,,,,none,5,,,none
00-0040020,Micah Robinson,CB,TEN,24.6,3.4166666666666665,8.14908088235294,-4.7324142156862745,-4.732,,,,none,1,,,none
00-0038127,Logan Hall,IL,TB,26.4,3.6463480392156864,5.966323529411765,-2.3199754901960787,-2.32,,,,none,4,,,none
00-0039133,Cam Smith,CB,MIA,25.7,4.05,8.14908088235294,-4.099080882352941,-4.099,,,,none,3,,,none
00-0034818,Derrick Nnadi,DT,KC,30.4,1.9625,5.966323529411765,-4.003823529411765,-4.004,,,,none,8,,,none
00-0038603,Robert Beal Jr.,DE,SF,27.1,2.0250000000000004,5.966323529411765,-3.941323529411765,-3.941,,,,none,3,,,none
00-0033156,Joey Bosa,DE,BUF,31.2,5.3432051282051285,5.966323529411765,-0.6231184012066366,-0.623,,,,none,10,,,none
00-0037516,Sam Webb,CB,CLE,28.3,5.583333333333333,8.14908088235294,-2.5657475490196076,-2.566,,,,none,4,,,none
00-0033512,Damontae Kazee,FS,DET,33.3,4.270833333333333,8.14908088235294,-3.8782475490196076,-3.878,,,,none,9,,,none
00-0027865,Brandon Graham,DE,PHI,38.5,5.012215909090909,5.966323529411765,-0.9541076203208565,-0.954,,,,none,16,,,none
00-0032971,Justin Simmons,FS,ATL,32.8,5.5,8.14908088235294,-2.6490808823529406,-2.649,,,,none,10,,,none
00-0031101,Shaquil Barrett,OLB,TB,33.8,1.5,7.5,-6.0,-6.0,,,,none,12,,,none
00-0037274,Esezi Otomewo,DE,PIT,27.5,2.177083333333333,5.966323529411765,-3.789240196078432,-3.789,,,,none,4,,,none
00-0033884,Tre'Davious White,CB,BUF,31.7,4.370959595959596,8.14908088235294,-3.778121286393344,-3.778,,,,none,9,,,none
00-0032399,Miles Killebrew,S,PIT,33.4,1.7625000000000002,8.14908088235294,-6.38658088235294,-6.387,,,,none,10,,,none
00-0040369,Howard Cross III,DT,CIN,25.1,1.8333333333333333,5.966323529411765,-4.132990196078432,-4.133,,,,none,1,,,none
00-0039454,Beanie Bishop Jr.,CB,NO,26.7,4.765625,8.14908088235294,-3.3834558823529406,-3.383,,,,none,2,,,none
00-0037096,Elijah Hicks,S,CHI,26.9,2.9309374999999998,8.14908088235294,-5.218143382352941,-5.218,,,,none,4,,,none
00-0039889,Maason Smith,IL,JAX,23.9,2.23125,5.966323529411765,-3.735073529411765,-3.735,,,,none,2,,,none
00-0037083,Kingsley Enagbare,EDR,GB,26.7,4.0875,5.966323529411765,-1.8788235294117648,-1.879,,,,none,4,,,none
00-0036642,Tedarrell Slaton,DT,CIN,29.0,3.7041666666666666,5.966323529411765,-2.2621568627450985,-2.262,,,,none,5,,,none
00-0038580,Yasir Abdullah,LB,JAX,26.4,2.04375,7.5,-5.45625,-5.456,,,,none,3,,,none
00-0034999,Ty Summers,MLB,CHI,30.7,3.0541666666666663,7.5,-4.445833333333334,-4.446,,,,none,7,,,none
00-0038724,Ali Gaye,OLB,TEN,28.8,1.6875,7.5,-5.8125,-5.812,,,,none,3,,,none
00-0038801,Andre Carter II,OLB,MIA,26.5,2.125,7.5,-5.375,-5.375,,,,none,3,,,none
00-0037270,Otito Ogbonnia,IL,LAC,26.1,3.0811764705882356,5.966323529411765,-2.8851470588235295,-2.885,,,,none,4,,,none
00-0039061,Desjuan Johnson,EDR,LA,27.0,3.0374999999999996,5.966323529411765,-2.9288235294117655,-2.929,,,,none,3,,,none
00-0039427,Solomon Byrd,DE,HOU,26.8,4.5,5.966323529411765,-1.4663235294117651,-1.466,,,,none,2,,,none
00-0036441,"Kenneth Murray, Jr.",MLB,DAL,27.8,7.1356617647058815,7.5,-0.36433823529411846,-0.364,,,,none,6,,,none
00-0039681,Tyler Owens,SS,WAS,25.3,1.8333333333333333,8.14908088235294,-6.3157475490196076,-6.316,,,,none,2,,,none
00-0040721,Alfred Collins,DT,SF,24.9,2.9791666666666665,5.966323529411765,-2.9871568627450986,-2.987,,,,none,1,,,none
00-0038348,Josh Butler,CB,DAL,29.8,7.225,8.14908088235294,-0.924080882352941,-0.924,,,,none,3,,,none
00-0039436,Jaylen Harrell,EDR,TEN,24.4,3.1593750000000003,5.966323529411765,-2.806948529411765,-2.807,,,,none,2,,,none
00-0033926,Shaquill Griffin,CB,SEA,31.2,8.38359375,8.14908088235294,0.2345128676470587,0.207,,,,none,9,,,none
00-0039596,Rashad Wisdom,FS,TB,25.3,1.3333333333333333,8.14908088235294,-6.8157475490196076,-6.816,,,,none,2,,,none
00-0038940,Tyler Lacy,EDR,DET,26.9,2.5888888888888886,5.966323529411765,-3.3774346405228766,-3.377,,,,none,3,,,none
00-0038594,Darrell Luter Jr.,CB,SF,26.4,3.9722222222222223,8.14908088235294,-4.176858660130718,-4.177,,,,none,3,,,none
00-0038395,Terell Smith,CB,CHI,27.1,4.09375,8.14908088235294,-4.055330882352941,-4.055,,,,none,3,,,none
00-0038487,Eli Ricks,CB,PHI,25.0,1.5,8.14908088235294,-6.649080882352941,-6.649,,,,none,3,,,none
00-0040100,Jay Higgins,ILB,BAL,24.6,1.8214285714285714,7.5,-5.678571428571429,-5.679,,,,none,1,,,none
00-0032388,Deion Jones,ILB,TB,31.9,2.925,7.5,-4.575,-4.575,,,,none,10,,,none
00-0039401,Khristian Boyd,IL,NO,26.6,1.25,5.966323529411765,-4.716323529411765,-4.716,,,,none,2,,,none
00-0038381,Kyu Blu Kelly,CB,LV,25.3,5.293181818181818,8.14908088235294,-2.8558990641711226,-2.856,,,,none,3,,,none
00-0039318,Curtis Jacobs,ILB,TEN,24.6,0.75,7.5,-6.75,-6.75,,,,none,2,,,none
00-0037844,Russ Yeast,FS,CIN,27.4,1.5,8.14908088235294,-6.649080882352941,-6.649,,,,none,4,,,none
00-0036661,Israel Mukuamu,FS,CAR,26.8,2.975,8.14908088235294,-5.174080882352941,-5.174,,,,none,5,,,none
00-0040295,Trevian Thomas,SS,JAX,24.5,0.75,8.14908088235294,-7.399080882352941,-7.399,,,,none,1,,,none
00-0038039,Jack Jones,CB,MIA,28.7,7.225735294117648,8.14908088235294,-0.9233455882352928,-0.923,,,,none,4,,,none
00-0036617,Asante Samuel Jr.,CB,PIT,27.0,3.895833333333333,8.14908088235294,-4.2532475490196076,-4.253,,,,none,5,,,none
00-0036300,Mykal Walker,MLB,NYJ,29.1,2.322916666666667,7.5,-5.177083333333333,-5.177,,,,none,6,,,none
00-0035542,Kemon Hall,CB,TEN,29.3,9.25,8.14908088235294,1.1009191176470594,1.033,,,,none,7,,,none
00-0035656,Khalen Saunders,DT,NYJ,30.1,3.359672619047619,5.966323529411765,-2.606650910364146,-2.607,,,,none,7,,,none
00-0033557,Jalen Reeves-Maybin,OLB,CHI,31.6,2.5265625,7.5,-4.9734375,-4.973,,,,none,9,,,none
00-0033783,Ahkello Witherspoon,CB,LA,31.5,3.956410256410256,8.14908088235294,-4.192670625942684,-4.193,,,,none,9,,,none
00-0038514,Truman Jones,OLB,TEN,26.3,3.8774999999999995,7.5,-3.6225000000000005,-3.623,,,,none,3,,,none
00-0037593,Tre Avery,CB,CLE,29.6,1.1578125000000001,8.14908088235294,-6.99126838235294,-6.991,,,,none,4,,,none
00-0036884,Marco Wilson,CB,CIN,27.5,2.140625,8.14908088235294,-6.008455882352941,-6.008,,,,none,5,,,none
00-0040744,JT Tuimoloau,DE,IND,23.4,2.28125,5.966323529411765,-3.685073529411765,-3.685,,,,none,1,,,none
00-0038616,Christian Braswell,CB,JAX,27.0,4.310416666666667,8.14908088235294,-3.838664215686274,-3.839,,,,none,3,,,none
00-0040004,T.J. Maguranyanga,DE,WAS,23.7,0.75,5.966323529411765,-5.216323529411765,-5.216,,,,none,1,,,none
00-0039357,Decamerion Richardson,CB,LV,25.5,3.19625,8.14908088235294,-4.9528308823529406,-4.953,,,,none,2,,,none
00-0033918,Fabian Moreau,CB,MIN,32.4,2.795,8.14908088235294,-5.354080882352941,-5.354,,,,none,9,,,none
00-0040384,Elijah Simmons,DT,TB,25.1,1.9375,5.966323529411765,-4.028823529411765,-4.029,,,,none,1,,,none
00-0038387,Colby Wooden,IL,GB,25.7,3.57421875,5.966323529411765,-2.392104779411765,-2.392,,,,none,3,,,none
00-0036982,Chauncey Golston,EDR,NYG,28.6,4.6659926470588236,5.966323529411765,-1.3003308823529416,-1.3,,,,none,5,,,none
00-0036199,Geno Stone,S,CIN,27.4,8.88014705882353,8.14908088235294,0.7310661764705895,0.728,,,,none,6,,,none
00-0034992,Armon Watts,NT,NYG,30.2,1.9,5.966323529411765,-4.066323529411765,-4.066,,,,none,7,,,none
00-0036166,Dane Jackson,CB,BUF,29.8,2.76875,8.14908088235294,-5.380330882352941,-5.38,,,,none,6,,,none
00-0040044,Zion Childress,CB,DAL,24.7,0.75,8.14908088235294,-7.399080882352941,-7.399,,,,none,1,,,none
00-0040314,Ricky Barber,IL,WAS,25.6,9.75,5.966323529411765,3.783676470588235,3.971,,,,none,1,,,none
00-0031177,Brent Urban,DE,BAL,35.4,2.377350427350428,5.966323529411765,-3.5889731020613374,-3.589,,,,none,12,,,none
00-0035946,Myles Adams,DE,DET,28.5,3.9166666666666665,5.966323529411765,-2.0496568627450986,-2.05,,,,none,6,,,none
00-0034834,Sam Hubbard,DE,CIN,31.2,5.3076923076923075,5.966323529411765,-0.6586312217194576,-0.659,,,,none,8,,,none
00-0037822,Brian Asamoah II,MLB,CIN,26.5,0.75,7.5,-6.75,-6.75,,,,none,4,,,none
00-0038479,Dyontae Johnson,ILB,NYG,26.0,12.0,7.5,4.5,4.669,,,,none,3,,,none
00-0038099,Phidarian Mathis,IL,BUF,28.4,2.33125,5.966323529411765,-3.6350735294117653,-3.635,,,,none,4,,,none
00-0036045,Cam Gill,OLB,MIN,28.8,2.53125,7.5,-4.96875,-4.969,,,,none,6,,,none
00-0031360,Kyle Van Noy,EDR,BAL,35.5,4.496329365079365,5.966323529411765,-1.4699941643324,-1.47,,,,none,12,,,none
00-0037491,J.J. Russell,ILB,ARI,27.9,3.15,7.5,-4.35,-4.35,,,,none,4,,,none
00-0036896,Victor Dimukeje,OLB,NYG,26.8,2.410416666666667,7.5,-5.089583333333334,-5.09,,,,none,5,,,none
00-0031957,Rakeem Nunez-Roches,IL,NYG,33.2,4.009722222222223,5.966323529411765,-1.9566013071895423,-1.957,,,,none,11,,,none
00-0037294,Jordan Jackson,IL,DEN,28.6,1.9389423076923076,5.966323529411765,-4.027381221719457,-4.027,,,,none,4,,,none
00-0036683,Devon Key,S,DEN,28.9,3.2475183823529408,8.14908088235294,-4.9015625,-4.902,,,,none,5,,,none
00-0040016,Warren Brinson,IL,GB,24.6,2.203125,5.966323529411765,-3.763198529411765,-3.763,,,,none,1,,,none
00-0036504,Brandin Echols,CB,PIT,28.9,6.463333333333333,8.14908088235294,-1.6857475490196077,-1.686,,,,none,5,,,none
00-0033463,Carl Lawson,DE,BAL,31.2,1.7642045454545454,5.966323529411765,-4.20211898395722,-4.202,,,,none,9,,,none
00-0033875,Haason Reddick,OLB,TB,32.0,4.206423611111111,7.5,-3.293576388888889,-3.294,,,,none,9,,,none
00-0039836,Brennan Jackson,OLB,LV,25.9,1.65625,7.5,-5.84375,-5.844,,,,none,2,,,none
00-0040396,Dean Clark,FS,NYJ,25.3,2.5714285714285716,8.14908088235294,-5.577652310924369,-5.578,,,,none,1,,,none
00-0039795,Nehemiah Pritchett,CB,SEA,25.6,2.709375,8.14908088235294,-5.439705882352941,-5.44,,,,none,2,,,none
00-0037662,C.J. Brewer,DT,TB,28.8,2.73125,5.966323529411765,-3.235073529411765,-3.235,,,,none,4,,,none
00-0039312,Miles Battle,CB,NE,26.7,5.550000000000001,8.14908088235294,-2.59908088235294,-2.599,,,,none,2,,,none
00-0040243,Korie Black,CB,NYG,24.2,3.95,8.14908088235294,-4.19908088235294,-4.199,,,,none,1,,,none
00-0039903,Terrion Arnold,CB,DET,23.5,6.618566176470589,8.14908088235294,-1.5305147058823518,-1.531,,,,none,2,,,none
00-0036501,Michael Carter II,CB,PHI,27.5,3.407305194805195,8.14908088235294,-4.7417756875477455,-4.742,,,,none,5,,,none
00-0033046,Jihad Ward,OLB,TEN,32.4,3.3277380952380957,7.5,-4.172261904761904,-4.172,,,,none,10,,,none
00-0036638,Darrick Forrest,FS,SF,27.3,3.75,8.14908088235294,-4.399080882352941,-4.399,,,,none,5,,,none
00-0032162,T.Y. McGill,DT,CLE,33.8,1.5,5.966323529411765,-4.466323529411765,-4.466,,,,none,11,,,none
00-0037269,Eric Johnson,DT,IND,28.2,1.6628124999999998,5.966323529411765,-4.303511029411766,-4.304,,,,none,4,,,none
00-0034377,Avonte Maddox,S,DET,30.5,5.2203125,8.14908088235294,-2.9287683823529402,-2.929,,,,none,8,,,none
00-0037527,Segun Olubi,OLB,IND,26.9,3.0949999999999998,7.5,-4.405,-4.405,,,,none,4,,,none
00-0040357,Trey Washington,FS,IND,23.8,1.5,8.14908088235294,-6.649080882352941,-6.649,,,,none,1,,,none
00-0034780,Isaac Yiadom,CB,NO,30.6,3.691439393939394,8.14908088235294,-4.457641488413547,-4.458,,,,none,8,,,none
00-0035910,T.J. Smith,DT,TEN,29.4,0.75,5.966323529411765,-5.216323529411765,-5.216,,,,none,6,,,none
00-0037431,Kingsley Jonathan,DE,NYJ,28.4,0.48750000000000004,5.966323529411765,-5.478823529411765,-5.479,,,,none,4,,,none
00-0039881,Patrick McMorris,SS,NYG,24.9,0.75,8.14908088235294,-7.399080882352941,-7.399,,,,none,2,,,none
00-0037203,LaBryan Ray,DE,CAR,28.8,2.2874999999999996,5.966323529411765,-3.6788235294117655,-3.679,,,,none,4,,,none
00-0037459,Kurt Hinish,DT,HOU,27.4,1.4642857142857142,5.966323529411765,-4.502037815126051,-4.502,,,,none,4,,,none
00-0038404,Titus Leo,DE,PHI,27.1,4.0,5.966323529411765,-1.9663235294117651,-1.966,,,,none,3,,,none
00-0033563,Carlos Watkins,DE,TEN,32.8,1.7142857142857142,5.966323529411765,-4.252037815126051,-4.252,,,,none,9,,,none
00-0038506,Jordon Riley,DE,GB,28.3,2.4458333333333337,5.966323529411765,-3.5204901960784314,-3.52,,,,none,3,,,none
00-0040289,Bam Martin-Scott,ILB,CAR,26.2,2.3333333333333335,7.5,-5.166666666666666,-5.167,,,,none,1,,,none
00-0031500,Efe Obada,DE,WAS,34.4,0.75,5.966323529411765,-5.216323529411765,-5.216,,,,none,11,,,none
00-0028924,Tashaun Gipson,FS,SF,36.1,4.875,8.14908088235294,-3.2740808823529406,-3.274,,,,none,14,,,none
00-0039696,Evan Anderson,DT,SF,24.6,3.325,5.966323529411765,-2.641323529411765,-2.641,,,,none,2,,,none
00-0037743,Daxton Hill,CB,CIN,26.0,7.65109375,8.14908088235294,-0.49798713235294034,-0.498,,,,none,4,,,none
00-0038661,Chris Smith,DT,DET,26.8,0.5,5.966323529411765,-5.466323529411765,-5.466,,,,none,3,,,none
00-0040577,Jalon Walker,OLB,ATL,22.6,5.642857142857143,7.5,-1.8571428571428568,-1.857,,,,none,1,,,none
00-0034728,Jaire Alexander,CB,PHI,29.6,5.0375,8.14908088235294,-3.111580882352941,-3.112,,,,none,8,,,none
00-0032416,Quinton Jefferson,DT,DET,33.5,2.275,5.966323529411765,-3.6913235294117652,-3.691,,,,none,10,,,none
00-0033927,John Johnson,SS,LA,30.7,4.833333333333333,8.14908088235294,-3.3157475490196076,-3.316,,,,none,9,,,none
00-0028171,Lawrence Guy,DT,CIN,36.5,0.75,5.966323529411765,-5.216323529411765,-5.216,,,,none,15,,,none
00-0040748,Omarr Norman-Lott,DT,KC,24.5,5.375,5.966323529411765,-0.5913235294117651,-0.591,,,,none,1,,,none
00-0040624,Elijah Williams,DT,MIN,24.0,2.8125,5.966323529411765,-3.153823529411765,-3.154,,,,none,1,,,none
00-0039284,Braiden McGregor,EDR,NYJ,25.2,2.1203125,5.966323529411765,-3.8460110294117653,-3.846,,,,none,2,,,none
00-0037310,James Houston,EDR,DAL,27.8,4.235267857142857,5.966323529411765,-1.7310556722689086,-1.731,,,,none,4,,,none
00-0038995,Bryan Bresee,IL,NO,24.9,4.1866666666666665,5.966323529411765,-1.7796568627450986,-1.78,,,,none,3,,,none
00-0034756,Tre Flowers,CB,PIT,31.3,1.5,8.14908088235294,-6.649080882352941,-6.649,,,,none,8,,,none
00-0040496,Chaz Chambliss,OLB,MIN,23.9,2.8,7.5,-4.7,-4.7,,,,none,1,,,none
00-0039383,Jaylin Simpson,FS,GB,26.3,9.75,8.14908088235294,1.6009191176470594,1.647,,,,none,2,,,none
00-0036924,Michael Carter,CB,ARI,27.4,1.5,8.14908088235294,-6.649080882352941,-6.649,,,,none,5,,,none
00-0034385,Ja'Whaun Bentley,ILB,PIT,30.1,14.375,7.5,6.875,6.287,,,,none,8,,,none
00-0040371,Eric Gregory,DT,NE,26.0,1.35,5.966323529411765,-4.6163235294117655,-4.616,,,,none,1,,,none
00-0035665,David Long,CB,CAR,28.6,0.0,8.14908088235294,-8.14908088235294,-8.149,,,,none,7,,,none
00-0038513,Cam Jones,OLB,NYJ,26.9,3.225,7.5,-4.275,-4.275,,,,none,3,,,none
00-0031254,Denico Autry,DE,HOU,36.2,3.744823232323232,5.966323529411765,-2.221500297088533,-2.222,,,,none,12,,,none
00-0037711,Jeremiah Pharms Jr.,DT,NE,29.9,1.9416666666666667,5.966323529411765,-4.024656862745099,-4.025,,,,none,6,,,none
00-0040214,Kobe King,ILB,NYJ,23.6,1.25,7.5,-6.25,-6.25,,,,none,1,,,none
00-0040066,Jackson Woodard,LB,MIA,24.2,2.25,7.5,-5.25,-5.25,,,,none,1,,,none
00-0040471,Nikko Reed,CB,LAC,23.5,1.25,8.14908088235294,-6.899080882352941,-6.899,,,,none,1,,,none
00-0036010,Jalen Elliott,SS,PIT,28.2,0.0,8.14908088235294,-8.14908088235294,-8.149,,,,none,6,,,none
00-0039764,Elijah Chatman,DE,NYG,25.8,1.6522727272727273,5.966323529411765,-4.314050802139038,-4.314,,,,none,2,,,none
00-0039800,DJ James,CB,NE,25.5,1.5,8.14908088235294,-6.649080882352941,-6.649,,,,none,2,,,none
00-0029606,Harrison Smith,S,MIN,37.6,7.58718487394958,8.14908088235294,-0.5618960084033606,-0.562,,,,none,14,,,none
00-0037041,Haggai Ndubuisi,DT,HOU,25.9,0.75,5.966323529411765,-5.216323529411765,-5.216,,,,none,5,,,none
00-0032763,Austin Johnson,DT,JAX,32.4,2.225,5.966323529411765,-3.741323529411765,-3.741,,,,none,10,,,none
00-0034163,Jacob Martin,EDR,WAS,30.8,3.828400735294118,5.966323529411765,-2.1379227941176473,-2.138,,,,none,8,,,none
00-0036337,James Lynch,IL,TEN,27.7,2.133506944444444,5.966323529411765,-3.832816584967321,-3.833,,,,none,6,,,none
00-0034446,Jalen Davis,CB,CIN,30.6,4.185416666666667,8.14908088235294,-3.963664215686274,-3.964,,,,none,8,,,none
00-0038646,Alex Austin,CB,NE,25.3,3.86,8.14908088235294,-4.289080882352941,-4.289,,,,none,3,,,none
00-0039431,Jowon Briggs,IL,NYJ,25.0,4.216666666666667,5.966323529411765,-1.7496568627450984,-1.75,,,,none,2,,,none
00-0038666,DJ Coleman,DE,JAX,28.0,3.0,5.966323529411765,-2.966323529411765,-2.966,,,,none,3,,,none
00-0040175,Jordan Phillips,IL,MIA,22.2,2.2142857142857144,5.966323529411765,-3.7520378151260507,-3.752,,,,none,11,,,none
00-0035895,Joe Bachie,LB,TEN,28.6,3.344642857142857,7.5,-4.155357142857143,-4.155,,,,none,6,,,none
00-0034091,George Odum,FS,IND,32.9,2.9325,8.14908088235294,-5.2165808823529405,-5.217,,,,none,8,,,none
00-0039465,Reddy Steward,CB,DAL,25.4,5.353125,8.14908088235294,-2.7959558823529402,-2.796,,,,none,2,,,none
00-0034490,Ezekiel Turner,OLB,DET,30.3,2.71875,7.5,-4.78125,-4.781,,,,none,8,,,none
00-0030386,William Gholston,DE,TB,35.1,2.1875,5.966323529411765,-3.778823529411765,-3.779,,,,none,13,,,none
00-0033540,Takk McKinley,DE,NYJ,30.9,1.5625,5.966323529411765,-4.403823529411765,-4.404,,,,none,9,,,none
00-0036371,Leki Fotu,DT,HOU,28.1,2.628571428571428,5.966323529411765,-3.337752100840337,-3.338,,,,none,6,,,none
00-0036711,Charles Snowden,DE,LV,28.5,4.47715909090909,5.966323529411765,-1.4891644385026748,-1.489,,,,none,5,,,none
00-0036705,Sam Kamara,DT,CLE,28.7,2.220833333333333,5.966323529411765,-3.745490196078432,-3.745,,,,none,5,,,none
00-0036151,Bryce Huff,DE,SF,28.4,4.396540178571429,5.966323529411765,-1.5697833508403365,-1.57,,,,none,6,,,none
00-0035663,Taylor Rapp,S,BUF,28.7,6.0640625,8.14908088235294,-2.0850183823529402,-2.085,,,,none,7,,,none
00-0039944,Jamie Sheriff,OLB,SEA,26.1,1.5,7.5,-6.0,-6.0,,,,none,2,,,none
00-0036648,Nick Niemann,MLB,GB,28.8,3.03125,7.5,-4.46875,-4.469,,,,none,5,,,none
00-0032146,Bud Dupree,EDR,LAC,33.6,3.638611111111111,5.966323529411765,-2.327712418300654,-2.328,,,,none,11,,,none
00-0033905,Larry Ogunjobi,DT,BUF,32.3,3.24609375,5.966323529411765,-2.720229779411765,-2.72,,,,none,9,,,none
00-0031550,Shaq Thompson,OLB,BUF,32.4,8.508928571428571,7.5,1.0089285714285712,0.853,,,,none,11,,,none
00-0034461,Bruce Hector,DT,SF,31.9,3.875,5.966323529411765,-2.091323529411765,-2.091,,,,none,8,,,none
00-0036895,Elerson Smith,OLB,CLE,28.2,1.125,7.5,-6.375,-6.375,,,,none,5,,,none
00-0039371,Kris Abrams-Draine,CB,DEN,25.0,3.962215909090909,8.14908088235294,-4.186864973262032,-4.187,,,,none,2,,,none
00-0034391,Siran Neal,CB,SF,32.1,1.6593749999999998,8.14908088235294,-6.489705882352941,-6.49,,,,none,8,,,none
00-0036695,Naquan Jones,IL,HOU,28.6,2.983522727272727,5.966323529411765,-2.982800802139038,-2.983,,,,none,5,,,none
00-0034274,Parry Nickerson,CB,PHI,31.9,3.0,8.14908088235294,-5.149080882352941,-5.149,,,,none,8,,,none
00-0036915,Jeremiah Owusu-Koramoah,OLB,CLE,26.9,11.9375,7.5,4.4375,4.484,,,,none,5,,,none
00-0032415,Matthew Judon,OLB,BUF,34.1,3.2095588235294117,7.5,-4.290441176470589,-4.29,,,,none,10,,,none
00-0032379,Eli Apple,CB,SF,31.1,1.7625000000000002,8.14908088235294,-6.38658088235294,-6.387,,,,none,10,,,none
00-0037051,Elijah Garcia,IL,ATL,28.5,2.565,5.966323529411765,-3.401323529411765,-3.401,,,,none,4,,,none
00-0040362,Keonta Jenkins,MLB,BUF,24.6,3.5,7.5,-4.0,-4.0,,,,none,1,,,none
00-0031785,Troy Hill,CB,TB,35.0,6.166666666666667,8.14908088235294,-1.9824142156862736,-1.982,,,,none,11,,,none
00-0035984,Blake Lynch,OLB,TEN,29.6,6.25,7.5,-1.25,-1.25,,,,none,6,,,none
00-0040176,Bradyn Swinson,OLB,NE,24.2,1.5,7.5,-6.0,-6.0,,,,none,1,,,none
00-0040160,Jack Sawyer,EDR,PIT,24.4,3.8676470588235294,5.966323529411765,-2.0986764705882357,-2.099,,,,none,1,,,none
00-0039513,Chris Edmonds,SS,CLE,25.2,1.2,8.14908088235294,-6.94908088235294,-6.949,,,,none,2,,,none
00-0034125,Kendal Vickers,DT,NO,31.3,2.25,5.966323529411765,-3.716323529411765,-3.716,,,,none,8,,,none
00-0036413,Darrell Taylor,DE,NE,29.5,1.90234375,5.966323529411765,-4.063979779411765,-4.064,,,,none,6,,,none
00-0039396,Mekhi Wingo,IL,DET,23.4,1.74375,5.966323529411765,-4.222573529411765,-4.223,,,,none,2,,,none
00-0036961,Richie Grant,SS,NE,31.1,2.2175000000000002,8.14908088235294,-5.93158088235294,-5.932,,,,none,5,,,none
00-0040133,Azareye'h Thomas,CB,NYJ,22.2,4.84375,8.14908088235294,-3.3053308823529406,-3.305,,,,none,1,,,none
00-0040263,Donovan McMillon,SS,CLE,24.2,1.7708333333333333,8.14908088235294,-6.3782475490196076,-6.378,,,,none,1,,,none
00-0039333,Brandon Codrington,CB,BUF,25.8,1.634375,8.14908088235294,-6.51470588235294,-6.515,,,,none,2,,,none
00-0038628,DeMarcco Hellams,SS,ATL,26.3,1.6428571428571428,8.14908088235294,-6.506223739495798,-6.506,,,,none,3,,,none
00-0038890,Shaka Heyward,LB,CIN,26.4,1.6520833333333336,7.5,-5.847916666666666,-5.848,,,,none,3,,,none
00-0039176,Basil Okoye,DT,BAL,24.9,2.375,5.966323529411765,-3.591323529411765,-3.591,,,,none,3,,,none
00-0039406,Nathaniel Watson,MLB,CLE,26.0,2.0,7.5,-5.5,-5.5,,,,none,2,,,none
00-0031935,Preston Smith,DE,WAS,33.8,2.895703125,5.966323529411765,-3.0706204044117653,-3.071,,,,none,11,,,none
00-0038866,AJ Finley,S,SEA,25.0,1.5,8.14908088235294,-6.649080882352941,-6.649,,,,none,3,,,none
00-0037332,D'Anthony Bell,S,CAR,29.9,2.7071428571428573,8.14908088235294,-5.441938025210083,-5.442,,,,none,4,,,none
00-0036788,Jack Heflin,DT,LA,28.5,1.5,5.966323529411765,-4.466323529411765,-4.466,,,,none,5,,,none
00-0040199,JJ Pegues,DT,LV,24.8,1.6785714285714286,5.966323529411765,-4.287752100840336,-4.288,,,,none,1,,,none
00-0035301,Donovan Wilson,FS,DAL,31.6,7.141960784313726,8.14908088235294,-1.0071200980392145,-1.007,,,,none,7,,,none
00-0035625,Juan Thornhill,FS,JAX,30.9,5.990198863636364,8.14908088235294,-2.158882018716577,-2.159,,,,none,7,,,none
00-0037661,Ja'Marcus Ingram,CB,HOU,29.0,3.3225,8.14908088235294,-4.826580882352941,-4.827,,,,none,4,,,none
00-0039895,Mike Hall Jr.,IL,CLE,23.3,2.6419642857142858,5.966323529411765,-3.3243592436974794,-3.324,,,,none,2,,,none
00-0036561,Keith Taylor,CB,JAX,27.4,5.4875,8.14908088235294,-2.6615808823529408,-2.662,,,,none,5,,,none
00-0040216,Kain Medrano,MLB,WAS,25.6,1.75,7.5,-5.75,-5.75,,,,none,1,,,none
00-0036395,K'Von Wallace,FS,HOU,29.1,4.89375,8.14908088235294,-3.2553308823529408,-3.255,,,,none,6,,,none
00-0040153,Sai'vion Jones,IL,DEN,23.3,1.0,5.966323529411765,-4.966323529411765,-4.966,,,,none,1,,,none
00-0039823,Elijah Jones,CB,ARI,26.7,5.25,8.14908088235294,-2.8990808823529406,-2.899,,,,none,2,,,none
00-0039480,Jordan Colbert,SS,MIA,26.5,2.25,8.14908088235294,-5.899080882352941,-5.899,,,,none,2,,,none
00-0040752,Oluwafemi Oladejo,EDR,TEN,23.0,2.3333333333333335,5.966323529411765,-3.6329901960784317,-3.633,,,,none,1,,,none
00-0039862,Ennis Rakestraw Jr.,CB,DET,24.3,1.5,8.14908088235294,-6.649080882352941,-6.649,,,,none,2,,,none
00-0040492,Tyler Batty,OLB,MIN,27.4,1.9722222222222223,7.5,-5.527777777777778,-5.528,,,,none,1,,,none
00-0038411,Anthony Johnson Jr.,FS,NYG,26.8,1.5,8.14908088235294,-6.649080882352941,-6.649,,,,none,3,,,none
00-0033878,Adoree' Jackson,CB,PHI,31.0,5.98612012987013,8.14908088235294,-2.1629607524828103,-2.163,,,,none,9,,,none
00-0036615,Caleb Farley,CB,CAR,27.9,2.375,8.14908088235294,-5.774080882352941,-5.774,,,,none,5,,,none
00-0040328,Ethan Downs,OLB,KC,23.9,7.5,7.5,0.0,0.0,,,,none,1,,,none
00-0036552,Azeez Ojulari,EDR,PHI,26.3,4.296250000000001,5.966323529411765,-1.6700735294117646,-1.67,,,,none,5,,,none
00-0038624,Ameer Speed,CB,HOU,26.9,1.125,8.14908088235294,-7.024080882352941,-7.024,,,,none,3,,,none
00-0036589,Nick McCloud,CB,CHI,28.2,3.6847222222222227,8.14908088235294,-4.464358660130718,-4.464,,,,none,5,,,none
00-0037843,Daniel Hardy,EDR,CHI,27.8,1.1321428571428571,5.966323529411765,-4.834180672268908,-4.834,,,,none,4,,,none
00-0038791,Thomas Incoom,EDR,CAR,27.6,1.45625,5.966323529411765,-4.510073529411765,-4.51,,,,none,3,,,none
00-0040636,Keyon Martin,CB,BAL,25.3,5.642857142857143,8.14908088235294,-2.5062237394957974,-2.506,,,,none,1,,,none
00-0033784,Eddie Jackson,FS,LAC,32.8,4.277777777777778,8.14908088235294,-3.871303104575163,-3.871,,,,none,9,,,none
00-0038937,Zacch Pickens,IL,KC,26.5,3.2,5.966323529411765,-2.766323529411765,-2.766,,,,none,3,,,none
00-0038620,Erick Hallett,S,TEN,26.4,9.0,8.14908088235294,0.8509191176470594,0.873,,,,none,3,,,none
00-0036920,Marlon Tuipulotu,DT,KC,27.3,1.8875,5.966323529411765,-4.078823529411765,-4.079,,,,none,5,,,none
00-0036871,Nate Hobbs,CB,GB,27.2,5.004687499999999,8.14908088235294,-3.1443933823529413,-3.144,,,,none,5,,,none
00-0038648,Jalen Graham,MLB,SF,25.7,1.1,7.5,-6.4,-6.4,,,,none,3,,,none
00-0034990,Ka'dar Hollman,CB,HOU,32.0,8.625,8.14908088235294,0.4759191176470594,0.408,,,,none,7,,,none
00-0038565,Mekhi Blackmon,CB,IND,27.5,6.352941176470588,8.14908088235294,-1.7961397058823527,-1.796,,,,none,3,,,none
00-0033073,Emmanuel Ogbah,EDR,JAX,32.9,3.2663194444444446,5.966323529411765,-2.7000040849673206,-2.7,,,,none,10,,,none
00-0038984,Kei'Trel Clark,CB,ARI,25.5,3.1875,8.14908088235294,-4.961580882352941,-4.962,,,,none,3,,,none
00-0040460,Marlowe Wax,ILB,LAC,23.8,2.272727272727273,7.5,-5.227272727272727,-5.227,,,,none,1,,,none
00-0039009,Dylan Horton,EDR,HOU,26.1,2.426388888888889,5.966323529411765,-3.539934640522876,-3.54,,,,none,3,,,none
00-0033010,Sheldon Day,DT,WAS,32.2,2.442613636363636,5.966323529411765,-3.523709893048129,-3.524,,,,none,10,,,none
00-0040604,Jahfari Harvey,DE,LV,25.4,2.25,5.966323529411765,-3.716323529411765,-3.716,,,,none,1,,,none
00-0039565,Levelle Bailey,ILB,DEN,25.8,2.25,7.5,-5.25,-5.25,,,,none,2,,,none
00-0037603,Jayden Peevy,DT,NO,27.0,3.8125,5.966323529411765,-2.153823529411765,-2.154,,,,none,4,,,none
00-0037094,Jonathan Ford,IL,GB,28.0,1.7825000000000002,5.966323529411765,-4.1838235294117645,-4.184,,,,none,4,,,none
00-0038966,Natrone Brooks,CB,ATL,26.7,2.4074999999999998,8.14908088235294,-5.741580882352941,-5.742,,,,none,3,,,none
00-0040167,Ruben Hyppolite II,OLB,CHI,25.0,2.25,7.5,-5.25,-5.25,,,,none,1,,,none
00-0033066,Andrew Billings,IL,CHI,31.3,3.0358333333333336,5.966323529411765,-2.9304901960784315,-2.93,,,,none,10,,,none
00-0038853,Otis Reese,MLB,NE,28.2,4.916666666666667,7.5,-2.583333333333333,-2.583,,,,none,3,,,none
00-0037447,Tomon Fox,OLB,NYG,28.5,2.025,7.5,-5.475,-5.475,,,,none,4,,,none
00-0033571,Matt Milano,OLB,BUF,32.1,7.300000000000001,7.5,-0.1999999999999993,-0.2,,,,none,9,,,none
00-0036287,Noah Igbinoghene,CB,WAS,26.8,4.996875,8.14908088235294,-3.1522058823529404,-3.152,,,,none,6,,,none
00-0039288,Jackson Sirmon,MLB,NYJ,26.4,1.5,7.5,-6.0,-6.0,,,,none,2,,,none
00-0039660,Thomas Harper,S,DET,25.9,5.34203125,8.14908088235294,-2.807049632352941,-2.807,,,,none,2,,,none
00-0040662,Ty Robinson,DT,PHI,25.4,2.0,5.966323529411765,-3.966323529411765,-3.966,,,,none,1,,,none
00-0035026,Kevin Givens,EDR,SF,29.5,1.8375,5.966323529411765,-4.128823529411765,-4.129,,,,none,7,,,none
00-0040197,Dorian Strong,CB,BUF,24.5,3.5625,8.14908088235294,-4.586580882352941,-4.587,,,,none,1,,,none
00-0036802,Jon Rhattigan,ILB,LV,27.6,0.875,7.5,-6.625,-6.625,,,,none,5,,,none
00-0039267,Andre' Sam,FS,PHI,27.6,1.5,8.14908088235294,-6.649080882352941,-6.649,,,,none,2,,,none
00-0034902,Sam Eguavoen,ILB,NYJ,33.6,2.4375,7.5,-5.0625,-5.062,,,,none,7,,,none
00-0036274,Jeff Okudah,CB,MIN,27.6,3.1395833333333334,8.14908088235294,-5.009497549019607,-5.009,,,,none,6,,,none
00-0034639,Mike Ford,CB,ATL,31.1,2.53875,8.14908088235294,-5.61033088235294,-5.61,,,,none,8,,,none
00-0035409,Shy Tuttle,IL,WAS,30.9,2.605555555555555,5.966323529411765,-3.36076797385621,-3.361,,,,none,7,,,none
00-0034275,Foley Fatukasi,DT,HOU,31.5,3.5896634615384615,5.966323529411765,-2.3766600678733036,-2.377,,,,none,8,,,none
00-0037517,Luke Masterson,OLB,LV,28.7,3.75,7.5,-3.75,-3.75,,,,none,4,,,none
00-0037560,Chandler Wooten,ILB,CAR,27.4,10.75,7.5,3.25,3.235,,,,none,4,,,none
00-0040489,Greedy Vance,CB,LV,24.9,3.1875,8.14908088235294,-4.961580882352941,-4.962,,,,none,1,,,none
00-0040168,Que Robinson,EDR,DEN,25.3,3.6785714285714284,5.966323529411765,-2.2877521008403368,-2.288,,,,none,1,,,none
00-0039620,Rico Payton,CB,NYG,26.8,2.490625,8.14908088235294,-5.658455882352941,-5.658,,,,none,2,,,none
00-0034968,Darnell Savage,FS,BUF,29.1,4.025874125874125,8.14908088235294,-4.123206756478815,-4.123,,,,none,7,,,none
00-0033566,Desmond King,CB,BAL,31.8,2.25,8.14908088235294,-5.899080882352941,-5.899,,,,none,9,,,none
00-0038591,Mike Morris,IL,SEA,25.4,2.369886363636364,5.966323529411765,-3.5964371657754013,-3.596,,,,none,3,,,none
00-0036394,Darnay Holmes,CB,LV,28.2,3.833333333333333,8.14908088235294,-4.3157475490196076,-4.316,,,,none,6,,,none
00-0037752,Tycen Anderson,S,CIN,27.3,1.3125,8.14908088235294,-6.836580882352941,-6.837,,,,none,4,,,none
00-0031795,DeShawn Williams,DE,CAR,33.7,2.0416666666666665,5.966323529411765,-3.9246568627450986,-3.925,,,,none,11,,,none
00-0036956,Darren Hall,FS,ARI,26.4,2.71875,8.14908088235294,-5.430330882352941,-5.43,,,,none,5,,,none
00-0033547,Zach Cunningham,MLB,DET,31.8,3.216666666666667,7.5,-4.283333333333333,-4.283,,,,none,9,,,none
00-0039400,Zion Logue,DT,BUF,25.2,3.0,5.966323529411765,-2.966323529411765,-2.966,,,,none,2,,,none
00-0039291,Eric Watts,DE,NYJ,26.0,2.4225000000000003,5.966323529411765,-3.543823529411765,-3.544,,,,none,2,,,none
00-0034657,Matt Dickerson,IL,JAX,30.9,2.1666666666666665,5.966323529411765,-3.7996568627450986,-3.8,,,,none,8,,,none
00-0035437,Roderic Teamer,SS,NO,29.3,0.0,8.14908088235294,-8.14908088235294,-8.149,,,,none,7,,,none
00-0033524,Kevin King,CB,ATL,31.4,1.8571428571428572,8.14908088235294,-6.291938025210083,-6.292,,,,none,9,,,none
00-0032939,Vonn Bell,SS,CIN,31.8,4.285714285714286,8.14908088235294,-3.863366596638655,-3.863,,,,none,10,,,none
00-0036967,Joe Tryon-Shoyinka,DE,CHI,27.4,2.8971153846153843,5.966323529411765,-3.069208144796381,-3.069,,,,none,5,,,none
00-0036888,Damar Hamlin,S,BUF,28.5,3.8779411764705882,8.14908088235294,-4.271139705882352,-4.271,,,,none,5,,,none
00-0039387,Caelen Carson,CB,DAL,24.5,5.782083333333334,8.14908088235294,-2.3669975490196062,-2.367,,,,none,2,,,none
00-0039749,Tyler Davis,IL,LA,25.9,3.0581372549019608,5.966323529411765,-2.9081862745098044,-2.908,,,,none,2,,,none
00-0039395,Jamal Hill,MLB,HOU,25.5,2.1785714285714284,7.5,-5.321428571428571,-5.321,,,,none,2,,,none
00-0032574,Michael Pierce,NT,BAL,33.9,3.5416666666666665,5.966323529411765,-2.4246568627450986,-2.425,,,,none,10,,,none
00-0039285,Jarius Monroe,FS,NYJ,25.9,1.25625,8.14908088235294,-6.892830882352941,-6.893,,,,none,2,,,none
00-0034374,Jordan Whitehead,SS,TB,29.5,7.666666666666667,8.14908088235294,-0.48241421568627363,-0.482,,,,none,8,,,none
00-0038096,Joshua Paschal,DE,DET,26.7,3.232142857142857,5.966323529411765,-2.734180672268908,-2.734,,,,none,4,,,none
00-0040041,Nazir Stackhouse,IL,GB,24.4,1.5,5.966323529411765,-4.466323529411765,-4.466,,,,none,1,,,none
00-0039140,Kelee Ringo,CB,PHI,24.2,3.8864583333333336,8.14908088235294,-4.262622549019607,-4.263,,,,none,3,,,none
00-0040037,Jamon Johnson,MLB,GB,24.8,11.25,7.5,3.75,4.026,,,,none,1,,,none
00-0036307,Kindle Vildor,CB,TB,28.8,5.7875,8.14908088235294,-2.361580882352941,-2.362,,,,none,6,,,none
00-0040746,Nic Scourton,OLB,CAR,22.1,4.9765625,7.5,-2.5234375,-2.523,,,,none,1,,,none
00-0038742,Tyrus Wheat,LB,DET,26.8,2.8645833333333335,7.5,-4.635416666666666,-4.635,,,,none,3,,,none
00-0036378,Michael Danna,DE,KC,28.8,3.9527083333333333,5.966323529411765,-2.013615196078432,-2.014,,,,none,6,,,none
00-0039234,T.J. Tampa,CB,BAL,24.5,2.3220833333333335,8.14908088235294,-5.826997549019607,-5.827,,,,none,2,,,none
00-0037205,Brenden Schooler,FS,NE,29.3,3.2666666666666666,8.14908088235294,-4.882414215686274,-4.882,,,,none,4,,,none
00-0037315,Cameron Goode,OLB,MIA,28.4,1.7307692307692308,7.5,-5.769230769230769,-5.769,,,,none,4,,,none
00-0036926,Payton Turner,EDR,DAL,27.7,3.5416666666666665,5.966323529411765,-2.4246568627450986,-2.425,,,,none,5,,,none
00-0032891,Daryl Worley,FS,WAS,31.6,8.1875,8.14908088235294,0.03841911764705941,0.033,,,,none,10,,,none
00-0038366,Tanner Ingle,SS,LA,26.9,1.25,8.14908088235294,-6.899080882352941,-6.899,,,,none,3,,,none
00-0040196,Tyler Baron,DE,NYJ,24.9,2.5,5.966323529411765,-3.466323529411765,-3.466,,,,none,1,,,none
00-0040397,Jordan Clark,CB,NYJ,25.4,4.0,8.14908088235294,-4.149080882352941,-4.149,,,,none,1,,,none
00-0040033,Johnathan Baldwin,FS,GB,23.6,8.25,8.14908088235294,0.10091911764705941,0.112,,,,none,1,,,none
00-0038587,Jammie Robinson,SS,ATL,25.6,1.5,8.14908088235294,-6.649080882352941,-6.649,,,,none,3,,,none
00-0039494,Kenny Dyson,OLB,CAR,25.2,0.75,7.5,-6.75,-6.75,,,,none,2,,,none
00-0040174,Cam Jackson,DT,CAR,24.1,2.0625,5.966323529411765,-3.903823529411765,-3.904,,,,none,1,,,none
00-0033582,Jeremiah Ledbetter,DT,NYG,32.3,3.6964285714285716,5.966323529411765,-2.2698949579831935,-2.27,,,,none,9,,,none
00-0038535,DJ Johnson,OLB,WAS,27.9,2.3009615384615385,7.5,-5.1990384615384615,-5.199,,,,none,3,,,none
00-0038613,Jerrick Reed II,SS,TEN,26.1,1.9500000000000002,8.14908088235294,-6.19908088235294,-6.199,,,,none,3,,,none
00-0039772,Josh Wallace,CB,LA,26.2,3.480555555555555,8.14908088235294,-4.668525326797385,-4.669,,,,none,2,,,none
00-0038674,Divaad Wilson,CB,NYG,26.6,6.75,8.14908088235294,-1.3990808823529406,-1.399,,,,none,3,,,none
00-0032774,Deon Bush,SS,KC,33.1,3.75,8.14908088235294,-4.399080882352941,-4.399,,,,none,10,,,none
00-0039714,Dwight McGlothern,CB,MIN,24.6,1.5,8.14908088235294,-6.649080882352941,-6.649,,,,none,2,,,none
00-0037321,Chase Lucas,CB,SF,29.5,1.275,8.14908088235294,-6.87408088235294,-6.874,,,,none,4,,,none
00-0040149,Jaylin Smith,CB,HOU,22.9,2.5833333333333335,8.14908088235294,-5.565747549019607,-5.566,,,,none,1,,,none
00-0038851,Caleb Murphy,EDR,NYG,26.8,2.2583333333333333,5.966323529411765,-3.707990196078432,-3.708,,,,none,3,,,none
00-0032107,Angelo Blackson,DT,ARI,33.8,1.5,5.966323529411765,-4.466323529411765,-4.466,,,,none,11,,,none
00-0039425,Myles Cole,DE,CIN,26.4,2.0,5.966323529411765,-3.966323529411765,-3.966,,,,none,2,,,none
00-0039707,Dallas Gant,ILB,PHI,26.3,1.5,7.5,-6.0,-6.0,,,,none,2,,,none
00-0040183,Elijah Roberts,IL,TB,24.7,2.5416666666666665,5.966323529411765,-3.4246568627450986,-3.425,,,,none,1,,,none
00-0036081,Broderick Washington,IL,BAL,29.8,2.821875,5.966323529411765,-3.1444485294117652,-3.144,,,,none,6,,,none
00-0040137,Jordan Burch,LB,ARI,24.9,2.5416666666666665,7.5,-4.958333333333334,-4.958,,,,none,1,,,none
00-0039412,Javontae Jean-Baptiste,EDR,WAS,26.3,2.660416666666667,5.966323529411765,-3.3059068627450983,-3.306,,,,none,2,,,none
00-0036922,Patrick Johnson,EDR,NE,28.7,2.375,5.966323529411765,-3.591323529411765,-3.591,,,,none,5,,,none
00-0037043,Amare Barno,OLB,CAR,27.4,3.0,7.5,-4.5,-4.5,,,,none,4,,,none
00-0039051,Josh Hayes,CB,TB,27.4,3.377272727272727,8.14908088235294,-4.771808155080214,-4.772,,,,none,3,,,none
00-0035961,Krys Barnes,ILB,CAR,28.5,4.1118749999999995,7.5,-3.3881250000000005,-3.388,,,,none,6,,,none
00-0039324,Christian Roland-Wallace,CB,KC,24.8,5.697222222222222,8.14908088235294,-2.4518586601307186,-2.452,,,,none,2,,,none
00-0037198,Nazeeh Johnson,CB,KC,28.2,3.410833333333333,8.14908088235294,-4.738247549019608,-4.738,,,,none,4,,,none
00-0037627,Mike Greene,DT,TB,27.4,0.75,5.966323529411765,-5.216323529411765,-5.216,,,,none,4,,,none
00-0036625,Benjamin St-Juste,CB,LAC,29.0,4.6345833333333335,8.14908088235294,-3.514497549019607,-3.514,,,,none,5,,,none
00-0037179,Jeremiah Moon,OLB,PIT,28.1,0.8812500000000001,7.5,-6.61875,-6.619,,,,none,4,,,none
00-0034355,M.J. Stewart,S,HOU,31.0,4.370982142857144,8.14908088235294,-3.778098739495797,-3.778,,,,none,8,,,none
00-0037395,Dallis Flowers,CB,CHI,29.3,2.1125,8.14908088235294,-6.036580882352941,-6.037,,,,none,4,,,none
00-0035073,Jonathan Harris,DE,MIN,30.1,1.7857142857142858,5.966323529411765,-4.1806092436974795,-4.181,,,,none,7,,,none
00-0036850,Cameron Sample,DE,CIN,27.0,4.107142857142857,5.966323529411765,-1.8591806722689084,-1.859,,,,none,5,,,none
00-0032129,Jordan Hicks,ILB,CLE,34.2,7.5625,7.5,0.0625,0.049,,,,none,11,,,none
00-0039532,Julius Wood,FS,DAL,25.4,0.375,8.14908088235294,-7.774080882352941,-7.774,,,,none,2,,,none
00-0029542,Stephon Gilmore,CB,MIN,36.0,5.796875,8.14908088235294,-2.3522058823529406,-2.352,,,,none,14,,,none
00-0040252,Kobee Minor,CB,NE,24.2,1.5,8.14908088235294,-6.649080882352941,-6.649,,,,none,1,,,none
00-0033570,Anthony Walker,MLB,TB,31.1,6.3125,7.5,-1.1875,-1.188,,,,none,9,,,none
00-0038939,Brodric Martin,DT,LV,27.3,0.75,5.966323529411765,-5.216323529411765,-5.216,,,,none,3,,,none
00-0032892,Nick Vigil,ILB,DAL,33.1,2.85,7.5,-4.65,-4.65,,,,none,10,,,none
00-0039332,C.J. Ravenell,DT,TEN,26.2,1.65,5.966323529411765,-4.316323529411765,-4.316,,,,none,2,,,none
00-0033072,Leonard Floyd,DE,ATL,34.0,4.24375,5.966323529411765,-1.7225735294117648,-1.723,,,,none,10,,,none
00-0034382,Marquis Haynes,OLB,CAR,32.8,2.625,7.5,-4.875,-4.875,,,,none,8,,,none
00-0032463,Kyle Peko,DT,LAC,33.1,0.875,5.966323529411765,-5.091323529411765,-5.091,,,,none,10,,,none
00-0031608,Quandre Diggs,FS,SEA,33.6,4.996875,8.14908088235294,-3.1522058823529404,-3.152,,,,none,11,,,none
00-0035681,Mike Edwards,FS,KC,30.3,4.9375,8.14908088235294,-3.2115808823529406,-3.212,,,,none,7,,,none
00-0033103,Artie Burns,CB,MIA,31.4,4.875,8.14908088235294,-3.2740808823529406,-3.274,,,,none,10,,,none
00-0038985,Keondre Coburn,NT,LV,26.3,1.5833333333333333,5.966323529411765,-4.382990196078432,-4.383,,,,none,3,,,none
00-0039879,Javon Solomon,EDR,BUF,25.7,3.138541666666667,5.966323529411765,-2.8277818627450984,-2.828,,,,none,2,,,none
00-0032424,DJ Reader,IL,DET,32.2,2.609375,5.966323529411765,-3.356948529411765,-3.357,,,,none,10,,,none
00-0038634,Nesta Jade Silvera,DT,LAC,26.6,2.0,5.966323529411765,-3.966323529411765,-3.966,,,,none,3,,,none
00-0039000,Deonte Banks,CB,NYG,25.5,4.978977272727272,8.14908088235294,-3.1701036096256683,-3.17,,,,none,3,,,none
00-0035142,Ugo Amadi,FS,NO,29.3,9.659090909090908,8.14908088235294,1.5100100267379677,1.417,,,,none,7,,,none
00-0036114,A.J. Green,CB,MIA,28.3,1.5,8.14908088235294,-6.649080882352941,-6.649,,,,none,6,,,none
00-0034966,D'Angelo Ross,CB,CLE,29.9,4.85,8.14908088235294,-3.299080882352941,-3.299,,,,none,7,,,none
00-0032195,Ronald Darby,CB,HOU,32.7,6.375,8.14908088235294,-1.7740808823529406,-1.774,,,,none,11,,,none
00-0036037,Sam Franklin Jr.,S,BUF,30.6,1.3,8.14908088235294,-6.849080882352941,-6.849,,,,none,6,,,none
00-0034145,Chris Lammons,CB,IND,30.6,5.009821428571429,8.14908088235294,-3.139259453781512,-3.139,,,,none,8,,,none
00-0036281,C.J. Henderson,CB,ATL,28.0,8.083333333333334,8.14908088235294,-0.06574754901960667,-0.066,,,,none,6,,,none
00-0036087,Myles Bryant,CB,HOU,28.7,5.008888888888889,8.14908088235294,-3.140191993464051,-3.14,,,,none,6,,,none
00-0038696,Keidron Smith,FS,NYJ,26.9,10.9,8.14908088235294,2.7509191176470598,2.78,,,,none,3,,,none
00-0039789,Qwan'tez Stiggers,CB,NYJ,24.7,3.5075,8.14908088235294,-4.64158088235294,-4.642,,,,none,2,,,none
00-0033894,Marcus Williams,FS,LAC,30.0,4.240277777777778,8.14908088235294,-3.9088031045751626,-3.909,,,,none,9,,,none
00-0039783,Anthony Goodlow,DE,PIT,26.1,2.0,5.966323529411765,-3.966323529411765,-3.966,,,,none,2,,,none
00-0038392,Daniel Scott,SS,IND,27.9,3.0,8.14908088235294,-5.149080882352941,-5.149,,,,none,3,,,none
00-0040404,Payton Page,DT,NYJ,24.0,3.875,5.966323529411765,-2.091323529411765,-2.091,,,,none,1,,,none
00-0040258,Dom Jones,CB,CLE,26.2,3.375,8.14908088235294,-4.774080882352941,-4.774,,,,none,1,,,none
00-0040045,Alijah Clark,FS,DAL,23.2,2.5833333333333335,8.14908088235294,-5.565747549019607,-5.566,,,,none,1,,,none
00-0034488,Tavierre Thomas,CB,MIN,30.5,2.7669642857142858,8.14908088235294,-5.382116596638655,-5.382,,,,none,8,,,none
00-0040089,Kevin Knowles,CB,KC,23.4,2.5277777777777777,8.14908088235294,-5.621303104575163,-5.621,,,,none,1,,,none
00-0039906,Jer'Zhan Newton,IL,WAS,24.0,5.176666666666667,5.966323529411765,-0.7896568627450984,-0.79,,,,none,2,,,none
00-0038703,Kendell Brooks,S,TEN,26.5,4.125,8.14908088235294,-4.024080882352941,-4.024,,,,none,3,,,none
00-0034387,Bilal Nichols,DT,ARI,30.0,1.1875,5.966323529411765,-4.778823529411765,-4.779,,,,none,8,,,none
00-0039586,Tyrek Funderburk,CB,MIN,25.8,5.25,8.14908088235294,-2.8990808823529406,-2.899,,,,none,2,,,none
00-0034337,Greg Stroman,CB,NYG,30.5,3.75,8.14908088235294,-4.399080882352941,-4.399,,,,none,8,,,none
00-0033050,Xavien Howard,CB,IND,33.2,3.625,8.14908088235294,-4.524080882352941,-4.524,,,,none,10,,,none
00-0030114,Jordan Poyer,SS,BUF,35.4,7.9754545454545465,8.14908088235294,-0.17362633689839413,-0.174,,,,none,13,,,none
00-0035231,Christian Wilkins,DT,LV,30.7,5.25,5.966323529411765,-0.7163235294117651,-0.716,,,,none,7,,,none
00-0038908,Anfernee Orji,ILB,TEN,25.9,5.375,7.5,-2.125,-2.125,,,,none,3,,,none
00-0039601,Demani Richardson,FS,CAR,25.9,4.2425,8.14908088235294,-3.906580882352941,-3.907,,,,none,2,,,none
00-0035278,Byron Cowart,DT,NYJ,30.3,2.8076923076923075,5.966323529411765,-3.1586312217194576,-3.159,,,,none,7,,,none
00-0040723,Jack Kiser,OLB,JAX,26.0,2.375,7.5,-5.125,-5.125,,,,none,1,,,none
00-0036157,Kristian Welch,MLB,GB,28.3,0.96,7.5,-6.54,-6.54,,,,none,6,,,none
00-0040342,Danny Striggow,EDR,JAX,24.1,2.375,5.966323529411765,-3.591323529411765,-3.591,,,,none,1,,,none
00-0033461,Raekwon McMillan,ILB,TEN,30.8,5.46875,7.5,-2.03125,-2.031,,,,none,9,,,none
00-0035244,Lonnie Johnson,FS,LV,30.9,2.7515625000000004,8.14908088235294,-5.39751838235294,-5.398,,,,none,7,,,none
00-0038795,PJ Mustipher,NT,ARI,27.8,2.673076923076923,5.966323529411765,-3.2932466063348422,-3.293,,,,none,3,,,none
00-0034807,Ogbo Okoronkwo,OLB,PHI,31.4,3.2708333333333335,7.5,-4.229166666666666,-4.229,,,,none,8,,,none
00-0039292,Shemar Bartholomew,CB,GB,26.3,7.262499999999999,8.14908088235294,-0.8865808823529413,-0.887,,,,none,2,,,none
00-0031938,Carl Davis,NT,WAS,34.5,3.0,5.966323529411765,-2.966323529411765,-2.966,,,,none,11,,,none
00-0038130,Andrew Booth,CB,DAL,26.0,5.0625,8.14908088235294,-3.0865808823529406,-3.087,,,,none,4,,,none
00-0034278,Tremon Smith,CB,HOU,30.2,3.090909090909091,8.14908088235294,-5.05817179144385,-5.058,,,,none,8,,,none
00-0037242,Kaiir Elam,CB,TEN,25.4,5.043229166666666,8.14908088235294,-3.105851715686274,-3.106,,,,none,4,,,none
00-0037281,Damone Clark,LB,HOU,26.2,4.247045454545455,7.5,-3.2529545454545454,-3.253,,,,none,4,,,none
00-0031740,Neville Hewitt,ILB,NYG,33.4,3.4596874999999994,7.5,-4.040312500000001,-4.04,,,,none,11,,,none
00-0039640,Khalid Duke,DE,TEN,25.5,1.5,5.966323529411765,-4.466323529411765,-4.466,,,,none,2,,,none
00-0038568,Clark Phillips III,CB,ATL,24.7,2.675,8.14908088235294,-5.474080882352941,-5.474,,,,none,3,,,none
00-0035903,Joe Gaziano,DE,TEN,30.0,1.125,5.966323529411765,-4.841323529411765,-4.841,,,,none,6,,,none
00-0038126,Perrion Winfrey,DT,DAL,26.1,1.5,5.966323529411765,-4.466323529411765,-4.466,,,,none,4,,,none
00-0034368,Josey Jewell,ILB,CAR,31.7,11.572916666666666,7.5,4.072916666666666,3.529,,,,none,8,,,none
00-0036288,Yetur Gross-Matos,DE,SF,28.6,2.842361111111111,5.966323529411765,-3.1239624183006542,-3.124,,,,none,6,,,none
00-0036634,Tony Fields II,OLB,LA,27.2,2.25,7.5,-5.25,-5.25,,,,none,5,,,none
00-0039720,Taki Taimani,NT,MIN,26.9,1.0125,5.966323529411765,-4.953823529411765,-4.954,,,,none,2,,,none
00-0035227,P.J. Locke,S,DEN,29.6,5.50875,8.14908088235294,-2.6403308823529406,-2.64,,,,none,7,,,none
00-0033913,Chris Wormley,DT,IND,33.1,4.237500000000001,5.966323529411765,-1.7288235294117644,-1.729,,,,none,9,,,none
00-0030062,Darius Slay,CB,BUF,35.7,5.977058823529412,8.14908088235294,-2.1720220588235284,-2.172,,,,none,13,,,none
00-0039902,Chris Braswell,EDR,TB,24.9,3.3776041666666665,5.966323529411765,-2.5887193627450986,-2.589,,,,none,2,,,none
00-0039877,Mohamed Kamara,OLB,TB,26.3,0.75,7.5,-6.75,-6.75,,,,none,2,,,none
00-0038407,Jaylon Jones,CB,IND,24.5,5.324724264705882,8.14908088235294,-2.8243566176470587,-2.824,,,,none,4,,,none
00-0037842,Derion Kendrick,CB,LA,26.1,4.375,8.14908088235294,-3.7740808823529406,-3.774,,,,none,4,,,none
00-0037260,DJ Davidson,DT,NYG,27.0,2.6493055555555554,5.966323529411765,-3.31701797385621,-3.317,,,,none,4,,,none
00-0033697,Michael Davis,CB,NO,30.7,1.6237499999999998,8.14908088235294,-6.525330882352941,-6.525,,,,none,9,,,none
00-0038093,Neil Farrell,DT,MIA,28.0,0.75,5.966323529411765,-5.216323529411765,-5.216,,,,none,4,,,none
00-0037810,Troy Andersen,ILB,ATL,27.4,9.708333333333334,7.5,2.208333333333334,2.198,,,,none,4,,,none
00-0038602,Chris Smith II,FS,NYJ,26.4,1.4375,8.14908088235294,-6.711580882352941,-6.712,,,,none,3,,,none
00-0033445,Nicholas Morrow,ILB,PHI,31.2,1.0,7.5,-6.5,-6.5,,,,none,9,,,none
00-0038581,KJ Henry,DE,CLE,27.6,8.25,5.966323529411765,2.283676470588235,2.26,,,,none,3,,,none
00-0035292,David Long Jr.,ILB,TEN,29.9,4.694444444444445,7.5,-2.8055555555555554,-2.806,,,,none,7,,,none
00-0037283,John Ridgeway,IL,NO,27.4,2.4017045454545456,5.966323529411765,-3.5646189839572195,-3.565,,,,none,4,,,none
00-0036159,Joshua Uche,OLB,PHI,28.0,3.8234375,7.5,-3.6765625,-3.677,,,,none,6,,,none
00-0037468,Raheem Layne,SS,NYG,27.2,3.6041666666666665,8.14908088235294,-4.5449142156862745,-4.545,,,,none,4,,,none
00-0040136,Princely Umanmielen,EDR,CAR,24.4,2.8482142857142856,5.966323529411765,-3.1181092436974795,-3.118,,,,none,1,,,none
00-0038641,Isaiah Bolden,CB,SF,26.8,2.5,8.14908088235294,-5.649080882352941,-5.649,,,,none,3,,,none
00-0039076,Nick Hampton,OLB,LA,26.4,1.621875,7.5,-5.878125,-5.878,,,,none,3,,,none
00-0036341,Khalid Kareem,EDR,ATL,28.4,2.4125,5.966323529411765,-3.553823529411765,-3.554,,,,none,6,,,none
00-0036885,Tre Brown,CB,NYJ,29.0,7.0166666666666675,8.14908088235294,-1.132414215686273,-1.132,,,,none,5,,,none
00-0040019,Jay Toia,DT,DAL,23.2,1.0,5.966323529411765,-4.966323529411765,-4.966,,,,none,1,,,none
00-0040741,Shemar Turner,DT,CHI,23.7,4.75,5.966323529411765,-1.2163235294117651,-1.216,,,,none,1,,,none
00-0034746,Maurice Hurst,DT,CLE,31.4,1.65,5.966323529411765,-4.316323529411765,-4.316,,,,none,8,,,none
00-0034397,Tim Settle,IL,HOU,29.2,3.34671875,5.966323529411765,-2.619604779411765,-2.62,,,,none,8,,,none
00-0040546,Cobee Bryant,CB,ATL,25.0,3.2,8.14908088235294,-4.94908088235294,-4.949,,,,none,1,,,none
00-0034413,Foye Oluokun,OLB,JAX,31.1,10.953044871794871,7.5,3.453044871794871,3.054,,,,none,8,,,none
00-0035655,Will Harris,SS,WAS,30.7,6.775,8.14908088235294,-1.3740808823529402,-1.374,,,,none,7,,,none
00-0036948,Ta'Quon Graham,DE,PHI,27.8,4.470833333333333,5.966323529411765,-1.495490196078432,-1.495,,,,none,5,,,none
00-0038584,Jaquelin Roy,NT,NE,25.9,4.291666666666667,5.966323529411765,-1.6746568627450982,-1.675,,,,none,3,,,none
00-0028899,Rodney McLeod Jr.,FS,CLE,36.2,4.4423076923076925,8.14908088235294,-3.706773190045248,-3.707,,,,none,14,,,none
00-0036291,Marlon Davidson,DT,HOU,28.4,0.75,5.966323529411765,-5.216323529411765,-5.216,,,,none,6,,,none
00-0038100,Percy Butler,S,WAS,26.4,2.086470588235294,8.14908088235294,-6.062610294117647,-6.063,,,,none,4,,,none
00-0033782,DeMarcus Walker,DE,WAS,32.0,2.197426470588235,5.966323529411765,-3.76889705882353,-3.769,,,,none,9,,,none
00-0036881,Jay Tufele,DT,NYJ,27.1,1.7019097222222221,5.966323529411765,-4.264413807189543,-4.264,,,,none,5,,,none
00-0039235,Sanoussi Kane,SS,TEN,24.9,2.9437499999999996,8.14908088235294,-5.205330882352941,-5.205,,,,none,2,,,none
00-0034527,Ryan Neal,SS,TB,30.7,3.75,8.14908088235294,-4.399080882352941,-4.399,,,,none,8,,,none
00-0036237,Larrell Murchison,DE,LA,29.4,2.875,5.966323529411765,-3.091323529411765,-3.091,,,,none,6,,,none
00-0038414,Kendall Williamson,S,LAC,26.1,1.7166666666666666,8.14908088235294,-6.432414215686274,-6.432,,,,none,3,,,none
00-0040372,Bralyn Lux,CB,CIN,26.1,3.75,8.14908088235294,-4.399080882352941,-4.399,,,,none,1,,,none
00-0032580,Jonathan Jones,CB,WAS,33.0,6.25828125,8.14908088235294,-1.890799632352941,-1.891,,,,none,10,,,none
00-0031551,Eddie Goldman,DT,WAS,32.7,2.3333333333333335,5.966323529411765,-3.6329901960784317,-3.633,,,,none,11,,,none
00-0027881,Jerry Hughes,DE,HOU,38.1,1.125,5.966323529411765,-4.841323529411765,-4.841,,,,none,16,,,none
00-0032109,Kwon Alexander,OLB,DET,32.1,2.6,7.5,-4.9,-4.9,,,,none,11,,,none
00-0038986,Nic Jones,CB,NYG,24.9,1.625,8.14908088235294,-6.524080882352941,-6.524,,,,none,3,,,none
00-0032401,De'Vondre Campbell,ILB,SF,33.2,6.634615384615385,7.5,-0.865384615384615,-0.865,,,,none,10,,,none
00-0038635,Andre Jones Jr.,DE,BUF,27.9,1.825,5.966323529411765,-4.141323529411765,-4.141,,,,none,3,,,none
00-0034723,Nick Thurman,DT,CAR,31.3,3.0416666666666665,5.966323529411765,-2.9246568627450986,-2.925,,,,none,8,,,none
00-0037320,Deane Leonard,CB,LAC,26.8,2.2541666666666664,8.14908088235294,-5.894914215686274,-5.895,,,,none,4,,,none
00-0039515,Winston Reid,MLB,CLE,27.1,4.0,7.5,-3.5,-3.5,,,,none,2,,,none
00-0039632,PJ Jules,SS,CIN,25.3,2.2777777777777777,8.14908088235294,-5.871303104575163,-5.871,,,,none,2,,,none
00-0038105,Damarri Mathis,CB,CAR,27.4,1.875,8.14908088235294,-6.274080882352941,-6.274,,,,none,4,,,none
00-0036870,Buddy Johnson,MLB,IND,27.6,2.5,7.5,-5.0,-5.0,,,,none,5,,,none
00-0039807,Max Melton,CB,ARI,24.4,4.809722222222222,8.14908088235294,-3.339358660130719,-3.339,,,,none,2,,,none
00-0038043,Joshua Williams,CB,KC,26.9,2.5012499999999998,8.14908088235294,-5.647830882352941,-5.648,,,,none,4,,,none
00-0040251,Trikweze Bridges,CB,DAL,26.0,5.5,8.14908088235294,-2.6490808823529406,-2.649,,,,none,1,,,none
00-0037307,Ja'Sir Taylor,CB,NYJ,27.7,2.4875,8.14908088235294,-5.661580882352941,-5.662,,,,none,4,,,none
00-0037000,Monty Rice,MLB,DET,27.7,1.5,7.5,-6.0,-6.0,,,,none,5,,,none
00-0037830,Samuel Womack,CB,NYJ,27.2,4.964166666666667,8.14908088235294,-3.1849142156862733,-3.185,,,,none,4,,,none
00-0038116,Arnold Ebiketie,EDR,ATL,27.6,3.800677083333333,5.966323529411765,-2.165646446078432,-2.166,,,,none,4,,,none
00-0039053,Jose Ramirez,EDR,TB,27.4,0.0,5.966323529411765,-5.966323529411765,-5.966,,,,none,3,,,none
00-0039289,Leonard Taylor III,DT,NE,24.3,2.525,5.966323529411765,-3.4413235294117652,-3.441,,,,none,2,,,none
00-0039821,Andru Phillips,CB,NYG,24.8,6.997058823529412,8.14908088235294,-1.1520220588235288,-1.152,,,,none,2,,,none
00-0036431,Jordan Fuller,FS,ATL,28.5,3.4833333333333334,8.14908088235294,-4.665747549019607,-4.666,,,,none,6,,,none
00-0037298,Sam Roberts,DT,ATL,28.4,2.9925000000000006,5.966323529411765,-2.9738235294117645,-2.974,,,,none,4,,,none
00-0040642,Vernon Broughton,IL,NO,25.2,2.25,5.966323529411765,-3.716323529411765,-3.716,,,,none,1,,,none
00-0036294,Logan Wilson,MLB,DAL,30.2,7.639469696969696,7.5,0.13946969696969624,0.127,,,,none,6,,,none
00-0036306,Daniel Thomas,S,DET,28.2,2.4930555555555554,8.14908088235294,-5.656025326797385,-5.656,,,,none,6,,,none
00-0036645,Shemar Jean-Charles,CB,SEA,28.2,4.5625,8.14908088235294,-3.5865808823529406,-3.587,,,,none,5,,,none
00-0034792,Cornell Armstrong,CB,MIA,31.0,1.125,8.14908088235294,-7.024080882352941,-7.024,,,,none,8,,,none
00-0035692,Clelin Ferrell,EDR,SF,29.3,4.69,5.966323529411765,-1.2763235294117647,-1.276,,,,none,7,,,none
00-0036359,Damon Arnette,CB,HOU,30.0,2.25,8.14908088235294,-5.899080882352941,-5.899,,,,none,6,,,none
00-0038119,Jalyn Armour-Davis,CB,TEN,27.0,3.65,8.14908088235294,-4.49908088235294,-4.499,,,,none,4,,,none
00-0035000,Quinton Bell,OLB,MIA,30.4,2.289583333333333,7.5,-5.210416666666667,-5.21,,,,none,7,,,none
00-0037356,Ben Stille,DT,ATL,28.8,2.05,5.966323529411765,-3.9163235294117653,-3.916,,,,none,4,,,none
00-0039457,Jacoby Windmon,LB,CAR,25.1,14.875,7.5,7.375,7.851,,,,none,2,,,none
00-0039354,McKinnley Jackson,IL,CIN,24.7,2.078125,5.966323529411765,-3.888198529411765,-3.888,,,,none,2,,,none
00-0040010,Barryn Sorrell,EDR,GB,23.7,2.8125,5.966323529411765,-3.153823529411765,-3.154,,,,none,1,,,none
00-0037759,DeMarvin Leal,OLB,PIT,26.2,1.725,7.5,-5.775,-5.775,,,,none,4,,,none
00-0036949,Adetokunbo Ogundeji,OLB,PIT,27.9,1.5,7.5,-6.0,-6.0,,,,none,5,,,none
00-0034514,Levi Wallace,CB,DEN,31.3,3.8333333333333335,8.14908088235294,-4.315747549019607,-4.316,,,,none,8,,,none
00-0036672,Grant Stuard,OLB,DET,27.9,2.675284090909091,7.5,-4.824715909090909,-4.825,,,,none,5,,,none
00-0033880,Charles Harris,DE,PHI,31.5,5.1875,5.966323529411765,-0.7788235294117651,-0.779,,,,none,9,,,none
00-0040501,Austin Keys,ILB,ARI,24.5,2.0,7.5,-5.5,-5.5,,,,none,1,,,none
00-0040106,Reuben Lowery,FS,IND,24.1,4.5,8.14908088235294,-3.6490808823529406,-3.649,,,,none,1,,,none
00-0036728,Curtis Robinson,MLB,SF,28.3,4.386363636363637,7.5,-3.1136363636363633,-3.114,,,,none,5,,,none
00-0032412,Dean Lowry,DE,PIT,32.3,1.6,5.966323529411765,-4.3663235294117655,-4.366,,,,none,10,,,none
00-0040248,Zeek Biggers,IL,MIA,23.0,3.6964285714285716,5.966323529411765,-2.2698949579831935,-2.27,,,,none,1,,,none
00-0034360,Lorenzo Carter,OLB,TEN,30.8,3.2916666666666665,7.5,-4.208333333333334,-4.208,,,,none,8,,,none
00-0032933,Antonio Hamilton,CB,WAS,33.6,2.9638888888888886,8.14908088235294,-5.185191993464052,-5.185,,,,none,10,,,none
00-0034842,Taven Bryan,DT,BAL,30.5,2.560416666666667,5.966323529411765,-3.4059068627450984,-3.406,,,,none,8,,,none
00-0039352,Marist Liufau,OLB,DAL,25.6,3.9762500000000003,7.5,-3.5237499999999997,-3.524,,,,none,2,,,none
00-0033947,Deatrich Wise,DE,WAS,32.1,3.355769230769231,5.966323529411765,-2.6105542986425343,-2.611,,,,none,9,,,none
00-0036935,Kelvin Joseph,CB,MIN,26.8,0.0,8.14908088235294,-8.14908088235294,-8.149,,,,none,5,,,none
00-0038737,Isaiah Land,DE,DAL,26.6,0.3333333333333333,5.966323529411765,-5.632990196078432,-5.633,,,,none,3,,,none
00-0040625,Nick Jackson,ILB,TB,25.7,1.125,7.5,-6.375,-6.375,,,,none,1,,,none
00-0037316,Mark Robinson,MLB,CLE,27.1,1.115625,7.5,-6.384375,-6.384,,,,none,4,,,none
00-0037314,Isaiah Thomas,OLB,CIN,27.8,3.25,7.5,-4.25,-4.25,,,,none,4,,,none
00-0038617,Amari Burney,OLB,TEN,26.2,3.5714285714285716,7.5,-3.9285714285714284,-3.929,,,,none,3,,,none
00-0036993,Ifeatu Melifonwu,S,MIA,27.4,5.019642857142857,8.14908088235294,-3.1294380252100833,-3.129,,,,none,5,,,none
00-0035857,Chris Williams,DT,CHI,28.3,2.2296875,5.966323529411765,-3.7366360294117653,-3.737,,,,none,6,,,none
00-0039775,Elias Neal,ILB,LA,25.0,3.75,7.5,-3.75,-3.75,,,,none,2,,,none
00-0040329,BJ Green II,DE,JAX,23.2,3.3125,5.966323529411765,-2.653823529411765,-2.654,,,,none,1,,,none
00-0036348,Josh Metellus,SS,MIN,28.7,7.742361111111111,8.14908088235294,-0.40671977124182934,-0.407,,,,none,6,,,none
00-0037264,Delarrin Turner-Yell,FS,DEN,26.8,0.75,8.14908088235294,-7.399080882352941,-7.399,,,,none,4,,,none
00-0040188,Yahya Black,IL,PIT,24.4,3.590909090909091,5.966323529411765,-2.3754144385026743,-2.375,,,,none,1,,,none
00-0037323,Rodney Thomas,S,IND,28.2,5.009722222222222,8.14908088235294,-3.1393586601307186,-3.139,,,,none,4,,,none
00-0032667,Roy Robertson-Harris,IL,NYG,33.1,3.144791666666667,5.966323529411765,-2.8215318627450983,-2.822,,,,none,10,,,none
00-0040318,Ale Kaho,MLB,WAS,26.4,1.75,7.5,-5.75,-5.75,,,,none,1,,,none
00-0038711,Mohamoud Diabate,LB,CLE,25.3,4.522371794871795,7.5,-2.9776282051282053,-2.978,,,,none,3,,,none
00-0037129,Josh Blackwell,CB,CHI,27.4,2.179375,8.14908088235294,-5.96970588235294,-5.97,,,,none,4,,,none
00-0035633,Corey Ballentine,CB,DAL,30.4,1.0125,8.14908088235294,-7.13658088235294,-7.137,,,,none,7,,,none
00-0034248,Elijah Campbell,FS,MIA,31.1,1.46875,8.14908088235294,-6.680330882352941,-6.68,,,,none,8,,,none
00-0039587,Antonio Grier,ILB,TB,26.7,0.0,7.5,-7.5,-7.5,,,,none,2,,,none
00-0034677,Justin Jones,DT,ARI,30.1,1.4166666666666667,5.966323529411765,-4.549656862745098,-4.55,,,,none,8,,,none
00-0038101,Akayleb Evans,CB,CAR,27.2,2.3035714285714284,8.14908088235294,-5.845509453781512,-5.846,,,,none,4,,,none
00-0037832,Kalia Davis,DT,SF,28.0,2.3543055555555554,5.966323529411765,-3.6120179738562097,-3.612,,,,none,4,,,none
00-0035674,Jerry Tillery,IL,KC,29.9,2.4579924242424243,5.966323529411765,-3.508331105169341,-3.508,,,,none,7,,,none
00-0039460,Carl Jones,MLB,BAL,25.1,1.40625,7.5,-6.09375,-6.094,,,,none,2,,,none
00-0033902,Tanoh Kpassagnon,DE,IND,32.3,2.090625,5.966323529411765,-3.875698529411765,-3.876,,,,none,9,,,none
00-0037280,Matthew Butler,DT,MIA,27.3,1.6265625,5.966323529411765,-4.339761029411765,-4.34,,,,none,4,,,none
00-0035696,Duke Shelley,CB,IND,29.9,1.5,8.14908088235294,-6.649080882352941,-6.649,,,,none,7,,,none
00-0032265,Mario Edwards,IL,HOU,32.6,3.4155729166666666,5.966323529411765,-2.5507506127450985,-2.551,,,,none,11,,,none
00-0032803,Jalen Mills,FS,DET,32.4,4.5078125,8.14908088235294,-3.6412683823529406,-3.641,,,,none,10,,,none
00-0039448,Loren Strickland,FS,DET,26.3,2.25,8.14908088235294,-5.899080882352941,-5.899,,,,none,2,,,none
00-0036356,Isaiah Simmons,MLB,CAR,28.1,1.775,7.5,-5.725,-5.725,,,,none,6,,,none
00-0036954,Levi Onwuzurike,IL,DET,28.5,2.783333333333333,5.966323529411765,-3.182990196078432,-3.183,,,,none,5,,,none
00-0037318,Baylon Spector,ILB,BUF,27.9,2.8062500000000004,7.5,-4.69375,-4.694,,,,none,4,,,none
00-0036343,Khaleke Hudson,ILB,CLE,28.8,1.5,7.5,-6.0,-6.0,,,,none,6,,,none
00-0038605,JL Skinner,S,DEN,25.4,1.1749999999999998,8.14908088235294,-6.974080882352941,-6.974,,,,none,3,,,none
00-0039373,Audric Estimé,RB,NO,23.0,6.012076923076922,5.395277777777778,0.6167991452991437,0.695,,,,none,2,,,none
00-0036913,Kadarius Toney,WR,CLE,27.6,-0.2,4.975,-5.175,-5.175,,,,none,5,,,none
00-0034487,Trent Sherfield,WR,NE,30.6,1.0161111111111112,4.975,-3.9588888888888887,-3.959,,,,none,8,,,none
00-0037340,Zaire Mitchell-Paden,TE,NO,27.1,0.6333333333333334,4.209742647058824,-3.5764093137254904,-3.576,,,,none,4,,,none
00-0038622,Deuce Vaughn,RB,DEN,24.9,1.8199999999999998,5.395277777777778,-3.5752777777777784,-3.575,,,,none,3,,,none
00-0031690,Eric Tomlinson,TE,LAC,34.4,0.275,4.209742647058824,-3.934742647058824,-3.935,,,,none,11,,,none
00-0033045,Ezekiel Elliott,RB,LAC,31.2,3.1133333333333337,5.395277777777778,-2.2819444444444446,-2.282,,,,none,10,,,none
00-0036959,Michael Bandy,WR,DEN,28.8,3.1333333333333333,4.975,-1.8416666666666663,-1.842,,,,none,5,,,none
00-0037827,Tyrion Davis-Price,RB,GB,25.9,0.7000000000000001,5.395277777777778,-4.695277777777778,-4.695,,,,none,4,,,none
00-0036620,Dee Eskridge,WR,MIA,29.5,1.1463333333333334,4.975,-3.828666666666666,-3.829,,,,none,5,,,none
00-0037509,Sincere McCormick,RB,MIN,26.0,5.450000000000001,5.395277777777778,0.05472222222222278,0.057,,,,none,4,,,none
00-0031585,MyCole Pruitt,TE,PIT,34.5,1.7666666666666666,4.209742647058824,-2.443075980392157,-2.443,,,,none,11,,,none
00-0036450,Ke'Shawn Vaughn,RB,SF,29.4,0.4,5.395277777777778,-4.995277777777778,-4.995,,,,none,6,,,none
00-0038582,Clayton Tune,QB,GB,27.5,0.20540000000000003,12.743431372549018,-12.538031372549018,-12.538,,,,none,3,,,none
00-0036988,Josh Palmer,WR,BUF,27.0,3.532833333333334,4.975,-1.4421666666666657,-1.442,,,,none,5,,,none
00-0039236,Johnny Wilson,WR,PHI,25.5,1.03,4.975,-3.9449999999999994,-3.945,,,,none,2,,,none
00-0036254,Collin Johnson,WR,LV,29.0,0.35000000000000003,4.975,-4.625,-4.625,,,,none,6,,,none
00-0033893,Dalvin Cook,RB,DAL,31.1,1.55,5.395277777777778,-3.8452777777777785,-3.845,,,,none,9,,,none
00-0035973,Patrick Taylor,RB,SF,28.4,5.42,5.395277777777778,0.024722222222221646,0.024,,,,none,6,,,none
00-0033357,Taysom Hill,QB,NO,36.1,5.0657499999999995,12.743431372549018,-7.677681372549019,-7.678,,,,none,9,,,none
00-0036635,Ihmir Smith-Marsette,WR,NYG,27.0,0.0,4.975,-4.975,-4.975,,,,none,5,,,none
00-0036984,Trey Sermon,RB,PIT,27.6,2.814285714285714,5.395277777777778,-2.5809920634920642,-2.581,,,,none,5,,,none
00-0038953,Dylan Drummond,WR,ATL,26.7,1.225,4.975,-3.7499999999999996,-3.75,,,,none,3,,,none
00-0038098,Pierre Strong,RB,GB,27.8,2.0545454545454547,5.395277777777778,-3.3407323232323236,-3.341,,,,none,4,,,none
00-0039703,Cody Schrader,RB,DEN,27.0,1.0,5.395277777777778,-4.395277777777778,-4.395,,,,none,2,,,none
00-0039747,Ainias Smith,WR,CAR,25.3,3.8000000000000003,4.975,-1.1749999999999994,-1.175,,,,none,2,,,none
00-0029263,Russell Wilson,QB,NYG,37.8,10.650416666666667,12.743431372549018,-2.093014705882352,-2.093,,,,none,14,,,none
00-0037120,Tyler Goodson,RB,IND,25.8,1.6573809523809524,5.395277777777778,-3.7378968253968257,-3.738,,,,none,4,,,none
00-0036670,Jermar Jefferson,RB,ARI,26.4,1.6500000000000001,5.395277777777778,-3.745277777777778,-3.745,,,,none,5,,,none
00-0039613,Dallin Holker,TE,NO,26.4,1.2000000000000002,4.209742647058824,-3.0097426470588236,-3.01,,,,none,2,,,none
00-0038920,John Shenker,TE,LV,28.0,0.8,4.209742647058824,-3.409742647058824,-3.41,,,,none,3,,,none
00-0036928,Kyle Trask,QB,ATL,28.5,-0.06666666666666667,12.743431372549018,-12.810098039215685,-12.81,,,,none,5,,,none
00-0035806,JaMycal Hasty,RB,MIA,30.0,2.2,5.395277777777778,-3.195277777777778,-3.195,,,,none,6,,,none
00-0038458,Owen Wright,RB,TB,27.5,0.6000000000000001,5.395277777777778,-4.795277777777779,-4.795,,,,none,3,,,none
00-0037422,Kendric Pryor,WR,CIN,28.7,1.0,4.975,-3.9749999999999996,-3.975,,,,none,4,,,none
00-0036297,Darrynton Evans,RB,BUF,28.2,0.30000000000000004,5.395277777777778,-5.0952777777777785,-5.095,,,,none,6,,,none
00-0032688,Robbie Chosen,WR,WAS,33.4,1.4666666666666668,4.975,-3.508333333333333,-3.508,,,,none,10,,,none
00-0031941,Jamison Crowder,WR,WAS,33.2,3.8833333333333333,4.975,-1.0916666666666663,-1.092,,,,none,11,,,none
00-0036679,Shane Buechele,QB,BUF,28.7,3.92,12.743431372549018,-8.823431372549019,-8.823,,,,none,5,,,none
00-0040067,Jacardia Wright,RB,SEA,26.0,2.0,5.395277777777778,-3.3952777777777783,-3.395,,,,none,1,,,none
00-0040317,Jacoby Jones,WR,WAS,25.2,2.6,4.975,-2.3749999999999996,-2.375,,,,none,1,,,none
00-0039631,Cam Grandy,TE,CIN,26.8,0.25625000000000003,4.209742647058824,-3.9534926470588236,-3.953,,,,none,2,,,none
00-0034177,Tim Boyle,QB,NYG,32.0,4.646666666666667,12.743431372549018,-8.09676470588235,-8.097,,,,none,8,,,none
00-0035298,Scott Miller,WR,PIT,29.1,1.5705,4.975,-3.4044999999999996,-3.404,,,,none,7,,,none
00-0036427,Tyler Johnson,WR,NYJ,28.1,3.142323232323233,4.975,-1.8326767676767668,-1.833,,,,none,6,,,none
00-0034928,Steven Sims,WR,ARI,29.5,0.2333333333333333,4.975,-4.741666666666666,-4.742,,,,none,7,,,none
00-0032434,Brandon Allen,QB,TEN,34.0,1.1973333333333334,12.743431372549018,-11.546098039215686,-11.546,,,,none,10,,,none
00-0033292,Trent Taylor,WR,SF,32.4,1.2000000000000002,4.975,-3.7749999999999995,-3.775,,,,none,9,,,none
00-0038643,Brayden Willis,TE,SF,26.8,0.0,4.209742647058824,-4.209742647058824,-4.21,,,,none,3,,,none
00-0031763,DeAndre Carter,WR,CLE,33.4,-0.08300000000000007,4.975,-5.058,-5.058,,,,none,11,,,none
00-0037475,Stone Smartt,TE,NYJ,28.0,2.298333333333334,4.209742647058824,-1.91140931372549,-1.911,,,,none,4,,,none
00-0037257,David Bell,WR,CLE,25.8,3.0,4.975,-1.9749999999999996,-1.975,,,,none,4,,,none
00-0035341,Trenton Irwin,WR,NYJ,30.8,0.45,4.975,-4.5249999999999995,-4.525,,,,none,7,,,none
00-0039052,Trey Palmer,WR,NO,25.5,2.44,4.975,-2.5349999999999997,-2.535,,,,none,3,,,none
00-0033943,Josh Reynolds,WR,NYJ,31.6,2.6241250000000003,4.975,-2.3508749999999994,-2.351,,,,none,9,,,none
00-0036919,Kenneth Gainwell,RB,PIT,27.5,6.731083333333333,5.395277777777778,1.335805555555555,1.326,,,,none,5,,,none
00-0037327,Skylar Thompson,QB,PIT,29.3,2.9400000000000004,12.743431372549018,-9.803431372549017,-9.803,,,,none,4,,,none
00-0032398,Chris Moore,WR,WAS,33.3,3.5875000000000004,4.975,-1.3874999999999993,-1.387,,,,none,10,,,none
00-0039614,Jermaine Jackson,WR,NO,26.3,-0.1,4.975,-5.074999999999999,-5.075,,,,none,2,,,none
00-0038477,Bryce Ford-Wheaton,WR,NYG,26.5,0.0,4.975,-4.975,-4.975,,,,none,3,,,none
00-0034777,DJ Chark,WR,LAC,30.0,2.12,4.975,-2.8549999999999995,-2.855,,,,none,8,,,none
00-0032128,Chris Conley,WR,SF,33.9,1.1714285714285715,4.975,-3.803571428571428,-3.804,,,,none,11,,,none
00-0038911,Malik Cunningham,WR,DET,27.9,0.1,4.975,-4.875,-4.875,,,,none,3,,,none
00-0039316,Baylor Cupp,TE,BAL,26.4,0.0,4.209742647058824,-4.209742647058824,-4.21,,,,none,2,,,none
00-0040476,Ulysses Bentley IV,RB,IND,25.7,0.0,5.395277777777778,-5.395277777777778,-5.395,,,,none,1,,,none
00-0040406,Quentin Skinner,WR,NYJ,24.7,1.1,4.975,-3.8749999999999996,-3.875,,,,none,1,,,none
00-0038550,Hendon Hooker,QB,NYJ,28.7,0.8933333333333334,12.743431372549018,-11.850098039215686,-11.85,,,,none,3,,,none
00-0034353,Anthony Miller,WR,BAL,31.9,1.6333333333333335,4.975,-3.341666666666666,-3.342,,,,none,8,,,none
00-0033925,D'Onta Foreman,RB,CLE,30.4,2.62,5.395277777777778,-2.775277777777778,-2.775,,,,none,9,,,none
00-0036906,Khalil Herbert,RB,NYJ,28.4,2.175625,5.395277777777778,-3.219652777777778,-3.22,,,,none,5,,,none
00-0033891,Zay Jones,WR,ARI,31.5,2.649166666666667,4.975,-2.3258333333333328,-2.326,,,,none,9,,,none
00-0034407,Ray-Ray McCloud,WR,NYG,29.9,2.731823529411765,4.975,-2.2431764705882347,-2.243,,,,none,8,,,none
00-0034955,Brett Rypien,QB,MIN,30.2,0.0,12.743431372549018,-12.743431372549018,-12.743,,,,none,7,,,none
00-0037429,Raheem Blackshear,RB,NYJ,28.3,2.6666666666666665,5.395277777777778,-2.7286111111111118,-2.729,,,,none,4,,,none
00-0034208,Mike Boone,RB,MIA,31.1,1.0,5.395277777777778,-4.395277777777778,-4.395,,,,none,8,,,none
00-0037300,Mike Woods,WR,GB,26.5,1.44,4.975,-3.5349999999999997,-3.535,,,,none,4,,,none
00-0031544,Amari Cooper,WR,LV,32.2,5.487500000000001,4.975,0.5125000000000011,0.436,,,,none,11,,,none
00-0037216,Justyn Ross,WR,KC,26.8,0.0,4.975,-4.975,-4.975,,,,none,4,,,none
00-0030578,Cordarrelle Patterson,RB,PIT,35.5,2.0538461538461537,5.395277777777778,-3.3414316239316246,-3.341,,,,none,13,,,none
00-0037654,Tucker Fisk,TE,LAC,27.7,0.73925,4.209742647058824,-3.4704926470588235,-3.47,,,,none,4,,,none
00-0036955,Terrace Marshall Jr.,WR,PHI,26.3,0.8800000000000001,4.975,-4.095,-4.095,,,,none,5,,,none
00-0035567,Craig Reynolds,RB,NE,30.3,1.12,5.395277777777778,-4.275277777777778,-4.275,,,,none,7,,,none
00-0036251,Zack Moss,RB,CIN,28.8,7.525,5.395277777777778,2.129722222222222,2.031,,,,none,6,,,none
00-0039458,Brenden Bates,TE,CLE,26.9,0.8450000000000002,4.209742647058824,-3.3647426470588235,-3.365,,,,none,2,,,none
00-0036567,Elijah Mitchell,RB,NE,28.4,0.0,5.395277777777778,-5.395277777777778,-5.395,,,,none,5,,,none
00-0038108,Bailey Zappe,QB,CLE,27.4,7.000000000000001,12.743431372549018,-5.743431372549018,-5.743,,,,none,4,,,none
00-0033536,Mike Williams,WR,LAC,32.0,2.9785714285714286,4.975,-1.996428571428571,-1.996,,,,none,9,,,none
00-0037098,Samori Toure,WR,NO,28.5,0.4,4.975,-4.574999999999999,-4.575,,,,none,4,,,none
00-0036345,K.J. Osborn,WR,ATL,29.3,2.066666666666667,4.975,-2.9083333333333328,-2.908,,,,none,6,,,none
00-0034401,Mike White,QB,CAR,31.5,1.12,12.743431372549018,-11.623431372549017,-11.623,,,,none,8,,,none
00-0033895,Gerald Everett,TE,CHI,32.2,0.48888888888888893,4.209742647058824,-3.720853758169935,-3.721,,,,none,9,,,none
00-0037487,Deven Thompkins,WR,ATL,26.7,1.40875,4.975,-3.5662499999999997,-3.566,,,,none,4,,,none
00-0037609,Aaron Shampklin,RB,MIA,26.9,0.5666666666666668,5.395277777777778,-4.828611111111112,-4.829,,,,none,4,,,none
00-0038583,Dorian Thompson-Robinson,QB,PHI,26.8,2.3000000000000007,12.743431372549018,-10.443431372549018,-10.443,,,,none,3,,,none
00-0033439,Pharaoh Brown,TE,ARI,32.4,0.426875,4.209742647058824,-3.782867647058824,-3.783,,,,none,9,,,none
00-0034364,Jordan Akins,TE,JAX,34.4,3.375,4.209742647058824,-0.8347426470588237,-0.835,,,,none,8,,,none
00-0031687,Raheem Mostert,RB,LV,34.4,2.5766666666666667,5.395277777777778,-2.8186111111111116,-2.819,,,,none,11,,,none
00-0033757,Robert Tonyan,TE,KC,32.4,0.2,4.209742647058824,-4.0097426470588236,-4.01,,,,none,9,,,none
00-0035291,Trayveon Williams,RB,CLE,28.9,1.98,5.395277777777778,-3.4152777777777783,-3.415,,,,none,7,,,none
00-0040388,Jakobie Keeney-James,WR,GB,26.0,1.7,4.975,-3.2749999999999995,-3.275,,,,none,1,,,none
00-0035602,Alex Bachman,WR,LV,30.3,1.255,4.975,-3.7199999999999998,-3.72,,,,none,7,,,none
00-0034367,Nyheim Hines,RB,NO,29.8,-0.2,5.395277777777778,-5.5952777777777785,-5.595,,,,none,8,,,none
00-0036133,James Proche,WR,TEN,30.0,1.1891666666666667,4.975,-3.7858333333333327,-3.786,,,,none,6,,,none
00-0034386,Justin Watson,WR,HOU,30.5,1.9598529411764705,4.975,-3.015147058823529,-3.015,,,,none,8,,,none
00-0031280,Derek Carr,QB,NO,35.5,14.790000000000001,12.743431372549018,2.0465686274509824,1.54,,,,none,12,,,none
00-0037324,Chris Oladokun,QB,KC,29.0,1.8183333333333336,12.743431372549018,-10.925098039215685,-10.925,,,,none,4,,,none
00-0039393,Jase McClellan,RB,TB,24.2,1.6,5.395277777777778,-3.795277777777778,-3.795,,,,none,2,,,none
00-0031299,Jordan Matthews,TE,CAR,34.2,0.0,4.209742647058824,-4.209742647058824,-4.21,,,,none,12,,,none
00-0039543,Ramel Keyton,WR,LV,26.0,0.4,4.975,-4.574999999999999,-4.575,,,,none,2,,,none
00-0040429,Josh Williams,RB,TB,26.3,1.1,5.395277777777778,-4.295277777777779,-4.295,,,,none,1,,,none
00-0033948,Jamaal Williams,RB,NO,31.5,2.230769230769231,5.395277777777778,-3.1645085470085474,-3.165,,,,none,9,,,none
00-0038740,Jalen Cropper,WR,DAL,25.4,-1.0,4.975,-5.975,-5.975,,,,none,3,,,none
00-0034983,Hunter Renfrow,WR,CAR,30.7,3.733333333333333,4.975,-1.2416666666666667,-1.242,,,,none,7,,,none
00-0034184,Gus Edwards,RB,LAC,31.4,5.3,5.395277777777778,-0.09527777777777846,-0.095,,,,none,8,,,none
00-0038821,Rakim Jarrett,WR,PIT,25.6,2.216666666666667,4.975,-2.758333333333333,-2.758,,,,none,3,,,none
00-0034272,Marquez Valdes-Scantling,WR,PIT,31.9,3.199115384615385,4.975,-1.7758846153846148,-1.776,,,,none,8,,,none
00-0035140,Mecole Hardman,WR,BUF,28.5,2.5825,4.975,-2.3924999999999996,-2.392,,,,none,7,,,none
00-0035359,David Sills,WR,ATL,31.3,2.741666666666667,4.975,-2.2333333333333325,-2.233,,,,none,7,,,none
00-0034972,Alexander Mattison,RB,MIA,28.2,7.5,5.395277777777778,2.1047222222222217,2.045,,,,none,7,,,none
00-0031549,Nelson Agholor,WR,BAL,33.3,2.606666666666667,4.975,-2.3683333333333327,-2.368,,,,none,11,,,none
00-0040244,Moliki Matavao,TE,NO,23.5,1.2,4.209742647058824,-3.0097426470588236,-3.01,,,,none,1,,,none
00-0036534,Shane Zylstra,TE,DET,29.8,2.3,4.209742647058824,-1.909742647058824,-1.91,,,,none,5,,,none
00-0034646,Brandon Powell,WR,MIN,31.0,1.1142857142857143,4.975,-3.8607142857142853,-3.861,,,,none,8,,,none
00-0039650,Bryce Oliver,WR,TEN,26.3,1.292,4.975,-3.683,-3.683,,,,none,2,,,none
00-0036232,Harrison Bryant,TE,HOU,28.4,1.0939999999999999,4.209742647058824,-3.115742647058824,-3.116,,,,none,6,,,none
00-0038891,Shedrick Jackson,WR,LV,26.9,4.1000000000000005,4.975,-0.8749999999999991,-0.875,,,,none,3,,,none
00-0034115,Jeff Wilson,RB,MIA,30.8,1.1285714285714286,5.395277777777778,-4.26670634920635,-4.267,,,,none,8,,,none
00-0038498,E.J. Jenkins,TE,PHI,27.9,3.4,4.209742647058824,-0.8097426470588238,-0.81,,,,none,3,,,none
00-0033572,Jamal Agnew,WR,WAS,31.5,-1.3333333333333333,4.975,-6.308333333333333,-6.308,,,,none,9,,,none
00-0040432,Beaux Collins,WR,NYG,23.8,0.9,4.975,-4.074999999999999,-4.075,,,,none,1,,,none
00-0038647,Ronnie Bell,WR,NO,26.6,5.805000000000001,4.975,0.830000000000001,0.846,,,,none,3,,,none
00-0037745,Velus Jones Jr.,RB,SEA,29.3,1.7150000000000003,5.395277777777778,-3.680277777777778,-3.68,,,,none,4,,,none
00-0040547,Nate Carter,RB,ATL,24.3,2.0,5.395277777777778,-3.3952777777777783,-3.395,,,,none,1,,,none
00-0038998,Jake Haener,QB,NO,27.5,1.6550000000000002,12.743431372549018,-11.088431372549017,-11.088,,,,none,3,,,none
00-0036841,Austin Trammell,WR,JAX,28.2,2.107,4.975,-2.8679999999999994,-2.868,,,,none,5,,,none
00-0036176,Mason Kinsey,WR,TEN,28.0,1.9575000000000005,4.975,-3.017499999999999,-3.017,,,,none,6,,,none
00-0035924,Jonathan Ward,RB,BAL,29.0,1.1,5.395277777777778,-4.295277777777779,-4.295,,,,none,6,,,none
00-0033854,Dare Ogunbowale,RB,HOU,32.4,1.9223202614379087,5.395277777777778,-3.4729575163398696,-3.473,,,,none,9,,,none
00-0039386,Bub Means,WR,NO,25.7,4.675000000000001,4.975,-0.29999999999999893,-0.3,,,,none,2,,,none
00-0036268,Laviska Shenault Jr.,WR,BUF,27.9,0.7000000000000001,4.975,-4.2749999999999995,-4.275,,,,none,6,,,none
00-0030035,Adam Thielen,WR,PIT,36.1,4.375833333333333,4.975,-0.5991666666666671,-0.599,,,,none,13,,,none
00-0037132,Britain Covey,WR,PHI,29.5,0.5216666666666667,4.975,-4.453333333333333,-4.453,,,,none,4,,,none
00-0033591,Noah Brown,WR,WAS,30.7,3.173636363636364,4.975,-1.8013636363636358,-1.801,,,,none,9,,,none
00-0036183,Kristian Wilkerson,WR,BUF,29.7,8.0,4.975,3.0250000000000004,2.803,,,,none,6,,,none
00-0039325,Carson Steele,RB,KC,24.0,1.3833333333333335,5.395277777777778,-4.0119444444444445,-4.012,,,,none,2,,,none
00-0039853,Javon Baker,WR,SF,24.6,0.32500000000000007,4.975,-4.6499999999999995,-4.65,,,,none,2,,,none
00-0037292,Andrew Ogletree,TE,IND,28.1,2.045113636363636,4.209742647058824,-2.1646290106951875,-2.165,,,,none,4,,,none
00-0034073,Ross Dwelley,TE,CAR,31.6,0.405,4.209742647058824,-3.8047426470588235,-3.805,,,,none,8,,,none
00-0039617,Jacob Kibodi,RB,CLE,28.0,4.0,5.395277777777778,-1.3952777777777783,-1.395,,,,none,2,,,none
00-0035216,Diontae Johnson,WR,CLE,30.2,5.058333333333334,4.975,0.08333333333333393,0.076,,,,none,7,,,none
00-0036423,Albert Okwuegbunam,TE,LV,28.4,4.1,4.209742647058824,-0.10974264705882408,-0.11,,,,none,6,,,none
00-0038492,Jason Brownlee,WR,KC,27.6,0.0,4.975,-4.975,-4.975,,,,none,3,,,none
00-0037156,Irvin Charles,WR,NYJ,29.4,0.0,4.975,-4.975,-4.975,,,,none,4,,,none
00-0035860,Tony Jones,RB,ARI,28.8,11.5,5.395277777777778,6.104722222222222,5.821,,,,none,6,,,none
00-0037382,Brandon Johnson,WR,DEN,28.1,1.0,4.975,-3.9749999999999996,-3.975,,,,none,4,,,none
00-0038092,Erik Ezukanma,WR,JAX,26.6,0.0,4.975,-4.975,-4.975,,,,none,4,,,none
00-0034791,Nick Chubb,RB,HOU,30.7,5.738382352941177,5.395277777777778,0.343104575163399,0.308,,,,none,8,,,none
00-0031800,Taylor Heinicke,QB,LAC,33.5,0.78,12.743431372549018,-11.96343137254902,-11.963,,,,none,11,,,none
00-0024243,Marcedes Lewis,TE,DEN,42.3,0.30000000000000004,4.209742647058824,-3.909742647058824,-3.91,,,,none,20,,,none
00-0037276,Ty Chandler,RB,MIN,28.3,2.7874999999999996,5.395277777777778,-2.6077777777777786,-2.608,,,,none,4,,,none
00-0034970,Irv Smith,TE,HOU,28.1,0.30000000000000004,4.209742647058824,-3.909742647058824,-3.91,,,,none,7,,,none
00-0038576,Charlie Jones,WR,CIN,27.9,0.105,4.975,-4.869999999999999,-4.87,,,,none,3,,,none
00-0030431,Robert Woods,WR,PIT,34.4,1.5923076923076922,4.975,-3.3826923076923077,-3.383,,,,none,13,,,none
00-0034854,KhaDarel Hodge,WR,ATL,32.7,1.8916666666666668,4.975,-3.083333333333333,-3.083,,,,none,8,,,none
00-0038507,Grant DuBose,WR,BUF,25.2,0.65,4.975,-4.324999999999999,-4.325,,,,none,3,,,none
00-0036096,J.J. Taylor,RB,HOU,28.7,1.5333333333333334,5.395277777777778,-3.861944444444445,-3.862,,,,none,6,,,none
00-0039379,Jamari Thrash,WR,CLE,25.7,1.0964583333333335,4.975,-3.878541666666666,-3.879,,,,none,2,,,none
00-0039392,Jha'Quan Jackson,WR,NO,26.3,0.2,4.975,-4.7749999999999995,-4.775,,,,none,2,,,none
00-0036370,Joshua Kelley,RB,TEN,28.8,0.2,5.395277777777778,-5.195277777777778,-5.195,,,,none,6,,,none
00-0037015,Sal Cannella,TE,CLE,29.8,0.65,4.209742647058824,-3.559742647058824,-3.56,,,,none,5,,,none
00-0036415,Van Jefferson,WR,TEN,30.1,3.173526785714286,4.975,-1.8014732142857137,-1.801,,,,none,6,,,none
00-0038678,Jordan Mims,RB,TEN,27.3,2.185714285714286,5.395277777777778,-3.2095634920634923,-3.21,,,,none,3,,,none
00-0035628,D'Ernest Johnson,RB,NE,30.6,1.0570833333333334,5.395277777777778,-4.338194444444445,-4.338,,,,none,7,,,none
00-0035547,Joseph Fortson,TE,KC,30.8,0.19999999999999998,4.209742647058824,-4.0097426470588236,-4.01,,,,none,7,,,none
00-0039573,Blake Watson,RB,TEN,26.9,2.4000000000000004,5.395277777777778,-2.995277777777778,-2.995,,,,none,2,,,none
00-0037450,Tyreik McAllister,RB,LV,28.4,1.1,5.395277777777778,-4.295277777777779,-4.295,,,,none,4,,,none
00-0036414,Cam Akers,RB,SEA,27.2,4.1819375,5.395277777777778,-1.2133402777777782,-1.213,,,,none,6,,,none
00-0039577,Kedon Slovis,QB,ARI,25.4,-0.04,12.743431372549018,-12.783431372549018,-12.783,,,,none,2,,,none
00-0036332,Josiah Deguara,TE,ARI,29.6,1.5633333333333335,4.209742647058824,-2.6464093137254903,-2.646,,,,none,6,,,none
00-0034860,Dante Pettis,WR,NO,30.9,2.725,4.975,-2.2499999999999996,-2.25,,,,none,8,,,none
00-0036387,Jalen Reagor,WR,LAC,27.7,1.2,4.975,-3.7749999999999995,-3.775,,,,none,6,,,none
00-0035544,Tom Kennedy,WR,DET,30.1,2.6,4.975,-2.3749999999999996,-2.375,,,,none,7,,,none
00-0035662,Marquise Brown,WR,KC,29.3,4.846875,4.975,-0.12812499999999982,-0.128,,,,none,7,,,none
00-0033009,Tyler Boyd,WR,TEN,31.8,2.8800000000000003,4.975,-2.0949999999999993,-2.095,,,,none,10,,,none
00-0035876,Andre Baccellia,WR,ARI,29.7,0.5,4.975,-4.475,-4.475,,,,none,6,,,none
00-0034054,River Cracraft,WR,WAS,31.9,1.8250000000000002,4.975,-3.1499999999999995,-3.15,,,,none,9,,,none
00-0036755,Jaret Patterson,RB,LAC,26.7,3.8333333333333335,5.395277777777778,-1.5619444444444448,-1.562,,,,none,5,,,none
00-0036640,Zach Davidson,TE,NYG,28.2,0.3,4.209742647058824,-3.909742647058824,-3.91,,,,none,5,,,none
00-0036556,Brevin Jordan,TE,HOU,26.2,0.45000000000000007,4.209742647058824,-3.7597426470588236,-3.76,,,,none,5,,,none
00-0039471,Frank Gore Jr.,RB,BUF,24.5,0.7000000000000001,5.395277777777778,-4.695277777777778,-4.695,,,,none,2,,,none
00-0036510,Kenny Yeboah,TE,DET,27.9,1.8666666666666665,4.209742647058824,-2.3430759803921575,-2.343,,,,none,5,,,none
00-0039394,Casey Washington,WR,ATL,25.5,1.5625,4.975,-3.4124999999999996,-3.412,,,,none,2,,,none
00-0034159,Will Dissly,TE,LAC,30.2,2.3409375,4.209742647058824,-1.8688051470588238,-1.869,,,,none,8,,,none
00-0034418,Cedrick Wilson Jr.,WR,MIA,30.8,1.7187333333333332,4.975,-3.2562666666666664,-3.256,,,,none,8,,,none
00-0039420,Jaheim Bell,TE,PIT,25.3,0.7333333333333334,4.209742647058824,-3.4764093137254903,-3.476,,,,none,2,,,none
00-0035311,Myles Gaskin,RB,SEA,29.6,0.5825,5.395277777777778,-4.812777777777779,-4.813,,,,none,7,,,none
00-0035976,Dan Chisena,WR,CAR,29.6,1.3333333333333333,4.975,-3.6416666666666666,-3.642,,,,none,6,,,none
00-0032141,Geoff Swaim,TE,CLE,33.0,0.8,4.209742647058824,-3.409742647058824,-3.41,,,,none,11,,,none
00-0035639,Parris Campbell,WR,DAL,29.2,2.4,4.975,-2.5749999999999997,-2.575,,,,none,7,,,none
00-0040039,Amar Johnson,RB,LAC,23.6,0.8,5.395277777777778,-4.5952777777777785,-4.595,,,,none,1,,,none
00-0039686,Colson Yankoff,TE,WAS,26.5,0.6666666666666666,4.209742647058824,-3.543075980392157,-3.543,,,,none,2,,,none
00-0037617,Hassan Haskins,RB,LAC,26.8,1.7245000000000001,5.395277777777778,-3.6707777777777784,-3.671,,,,none,4,,,none
00-0040259,Gage Larvadain,WR,CLE,23.7,0.44285714285714306,4.975,-4.532142857142857,-4.532,,,,none,1,,,none
00-0035956,Giovanni Ricci,TE,DET,29.9,0.0,4.209742647058824,-4.209742647058824,-4.21,,,,none,6,,,none
00-0036360,Clyde Edwards-Helaire,RB,KC,27.4,2.0575,5.395277777777778,-3.337777777777778,-3.338,,,,none,6,,,none
00-0036877,Jaelon Darden,WR,SEA,27.7,0.7000000000000001,4.975,-4.2749999999999995,-4.275,,,,none,5,,,none
00-0037569,Peyton Hendershot,TE,KC,27.4,1.4000000000000001,4.209742647058824,-2.8097426470588234,-2.81,,,,none,4,,,none
00-0032394,Nick Vannett,TE,LA,33.5,2.766666666666667,4.209742647058824,-1.4430759803921567,-1.443,,,,none,10,,,none
00-0039907,Ja'Lynn Polk,WR,NO,24.4,1.6846153846153848,4.975,-3.290384615384615,-3.29,,,,none,2,,,none
00-0036497,Tim Jones,WR,JAX,28.3,1.5533333333333332,4.975,-3.4216666666666664,-3.422,,,,none,5,,,none
00-0031237,Teddy Bridgewater,QB,TB,33.8,2.044,12.743431372549018,-10.699431372549018,-10.699,,,,none,12,,,none
00-0033460,John Ross,WR,PHI,30.8,0.7000000000000001,4.975,-4.2749999999999995,-4.275,,,,none,9,,,none
00-0036438,Stephen Sullivan,TE,CAR,29.8,0.0,4.209742647058824,-4.209742647058824,-4.21,,,,none,6,,,none
00-0034830,Hayden Hurst,TE,LAC,33.1,1.1571428571428573,4.209742647058824,-3.0525997899159663,-3.053,,,,none,8,,,none
00-0031428,Allen Robinson,WR,DET,33.1,0.5499999999999999,4.975,-4.425,-4.425,,,,none,12,,,none
